CookerStat, GenerateAssetRegistry=7.997826, Initialize=53.487309, RunGuid=RunIDD6F320874B2BC125CCF0B6817B81B61F
SavePackageTransactionIdF6430D0F445124A32CEBCF9458D718E5_0, Filename=../../../../../../Users/user/Documents/Unreal Projects/MyProject4 4.11/Content/FirstPersonBP/Blueprints/MyAddContent/MyPawn/MyPawnDoc/HealthStates.uasset, AutoPackageBackupDelegate=29.649469, FlushAsyncLoading=0.009011, FlushStreamingFunc=0.145428, BlockTillAllRequestsFinished=0.006009, ResetLoadersForSaveUnMarkAllObjects=0.506587, TagPackageExports=33.956360, BeginCacheForCookedPlatformData=0.005711, SerializeImports=38.323345, GatherLocalizableTextData=27.201265, MarkNames=0.120789, SerializeSummary=0.014421, SerializeNames=0.285443, SerializeGatherableTextData=0.259005, BuildExportMap=0.279434, SortExportsNonSeekfree=8.609876, SortExportsSeekfreeConstructor=0.049878, SortExportsSeekfreeInner=32.597649, SortExportsSeekfree=0.007212, BuildDependencyMap=1.114432, SerializeImportMap=0.015926, SerializeExportMap=0.161350, SerializeDependencyMap=0.048373, SerializeStringAssetReferenceMap=0.002105, SaveThumbNailsAssetRegistryDataWorldLevelInfo=5.004875, SerializeExports=49.629917, SerializeBulkData=0.021935, MoveFile=3.341191, UnaccountedTime=1.966558, RunGuid=RunIDD6F320874B2BC125CCF0B6817B81B61F
SavePackageTransactionIdF6430D0F445124A32CEBCF9458D718E5_1, Filename=../../../../../../Users/user/Documents/Unreal Projects/MyProject4 4.11/Content/FirstPersonBP/Blueprints/MyAddContent/MyPawn/MyPawnDoc/MyFirstPersonCharacter.uasset, AutoPackageBackupDelegate=39.851521, FlushAsyncLoading=0.033952, FlushStreamingFunc=0.195906, BlockTillAllRequestsFinished=0.004504, ResetLoadersForSaveUnMarkAllObjects=0.277635, TagPackageExports=72.405609, BeginCacheForCookedPlatformData=0.005405, SerializeImports=76.120575, GatherLocalizableTextData=52.469929, MarkNames=0.293855, SerializeSummary=0.012923, SerializeNames=0.671841, SerializeGatherableTextData=0.429969, BuildExportMap=0.694979, SortExportsNonSeekfree=23.547590, SortExportsSeekfreeConstructor=0.147831, SortExportsSeekfreeInner=96.305939, SortExportsSeekfree=0.005707, BuildDependencyMap=1.502637, SerializeImportMap=0.040863, SerializeExportMap=0.326309, SerializeDependencyMap=0.066705, SerializeStringAssetReferenceMap=0.002105, SaveThumbNailsAssetRegistryDataWorldLevelInfo=17.041878, SerializeExports=96.979591, SerializeBulkData=0.008713, MoveFile=2.654023, UnaccountedTime=1.874611, RunGuid=RunIDD6F320874B2BC125CCF0B6817B81B61F
SavePackageTransactionIdF6430D0F445124A32CEBCF9458D718E5_2, Filename=../../../../../../Users/user/Documents/Unreal Projects/MyProject4 4.11/Content/FirstPersonBP/Blueprints/MyAddContent/MyPawn/MyPawnDoc/HealthStates.uasset, AutoPackageBackupDelegate=3.433436, FlushAsyncLoading=0.002705, FlushStreamingFunc=0.070609, BlockTillAllRequestsFinished=0.002403, ResetLoadersForSaveUnMarkAllObjects=0.134911, TagPackageExports=33.603313, BeginCacheForCookedPlatformData=0.018626, SerializeImports=37.338417, GatherLocalizableTextData=25.416792, MarkNames=0.117484, SerializeSummary=0.011116, SerializeNames=0.350043, SerializeGatherableTextData=0.681460, BuildExportMap=0.238873, SortExportsNonSeekfree=8.607171, SortExportsSeekfreeConstructor=0.046875, SortExportsSeekfreeInner=32.631901, SortExportsSeekfree=0.006612, BuildDependencyMap=0.244882, SerializeImportMap=0.014722, SerializeExportMap=0.164654, SerializeDependencyMap=0.091642, SerializeStringAssetReferenceMap=0.003006, SaveThumbNailsAssetRegistryDataWorldLevelInfo=5.863007, SerializeExports=50.573082, SerializeBulkData=0.008415, MoveFile=2.212938, UnaccountedTime=1.523066, RunGuid=RunIDD6F320874B2BC125CCF0B6817B81B61F
SavePackageTransactionIdF6430D0F445124A32CEBCF9458D718E5_3, Filename=../../../../../../Users/user/Documents/Unreal Projects/MyProject4 4.11/Content/FirstPersonBP/Blueprints/MyAddContent/MyPawn/MyPawnDoc/MyFirstPersonCharacter.uasset, AutoPackageBackupDelegate=3.501944, FlushAsyncLoading=0.002701, FlushStreamingFunc=0.113577, BlockTillAllRequestsFinished=0.003606, ResetLoadersForSaveUnMarkAllObjects=0.145126, TagPackageExports=71.509613, BeginCacheForCookedPlatformData=0.006009, SerializeImports=73.243607, GatherLocalizableTextData=56.117294, MarkNames=0.357855, SerializeSummary=0.015322, SerializeNames=0.668839, SerializeGatherableTextData=0.477742, BuildExportMap=0.675451, SortExportsNonSeekfree=23.905144, SortExportsSeekfreeConstructor=0.050180, SortExportsSeekfreeInner=86.357780, SortExportsSeekfree=0.008114, BuildDependencyMap=0.596728, SerializeImportMap=0.071511, SerializeExportMap=0.323303, SerializeDependencyMap=0.064299, SerializeStringAssetReferenceMap=0.001803, SaveThumbNailsAssetRegistryDataWorldLevelInfo=16.358316, SerializeExports=95.662643, SerializeBulkData=0.008713, MoveFile=2.570793, UnaccountedTime=2.024546, RunGuid=RunIDD6F320874B2BC125CCF0B6817B81B61F
SavePackageTransactionIdF6430D0F445124A32CEBCF9458D718E5_4, Filename=../../../../../../Users/user/Documents/Unreal Projects/MyProject4 4.11/Content/FirstPersonBP/Blueprints/MyAddContent/MyPawn/MyPawnDoc/HealthStates.uasset, AutoPackageBackupDelegate=6.698608, FlushAsyncLoading=0.008110, FlushStreamingFunc=0.168264, BlockTillAllRequestsFinished=0.006307, ResetLoadersForSaveUnMarkAllObjects=0.208225, TagPackageExports=32.907127, BeginCacheForCookedPlatformData=0.005111, SerializeImports=33.829865, GatherLocalizableTextData=24.811953, MarkNames=0.146627, SerializeSummary=0.012320, SerializeNames=0.302870, SerializeGatherableTextData=0.315491, BuildExportMap=0.223245, SortExportsNonSeekfree=8.470159, SortExportsSeekfreeConstructor=0.008114, SortExportsSeekfreeInner=33.642372, SortExportsSeekfree=0.006009, BuildDependencyMap=0.245180, SerializeImportMap=0.015024, SerializeExportMap=0.162251, SerializeDependencyMap=0.030946, SerializeStringAssetReferenceMap=0.001803, SaveThumbNailsAssetRegistryDataWorldLevelInfo=5.801115, SerializeExports=50.755161, SerializeBulkData=0.009015, MoveFile=1.775458, UnaccountedTime=1.918182, RunGuid=RunIDD6F320874B2BC125CCF0B6817B81B61F
SavePackageTransactionIdF6430D0F445124A32CEBCF9458D718E5_5, Filename=../../../../../../Users/user/Documents/Unreal Projects/MyProject4 4.11/Content/FirstPersonBP/Blueprints/MyAddContent/MyPawn/MyPawnDoc/HealthStates.uasset, AutoPackageBackupDelegate=3.552418, FlushAsyncLoading=0.002705, FlushStreamingFunc=0.161652, BlockTillAllRequestsFinished=0.003606, ResetLoadersForSaveUnMarkAllObjects=0.143923, TagPackageExports=35.040749, BeginCacheForCookedPlatformData=0.005405, SerializeImports=35.909096, GatherLocalizableTextData=25.652058, MarkNames=0.115078, SerializeSummary=0.012621, SerializeNames=0.284541, SerializeGatherableTextData=0.343733, BuildExportMap=0.224750, SortExportsNonSeekfree=8.580130, SortExportsSeekfreeConstructor=0.043571, SortExportsSeekfreeInner=32.536053, SortExportsSeekfree=0.006612, BuildDependencyMap=0.247281, SerializeImportMap=0.016224, SerializeExportMap=0.176974, SerializeDependencyMap=0.033952, SerializeStringAssetReferenceMap=0.001501, SaveThumbNailsAssetRegistryDataWorldLevelInfo=4.839320, SerializeExports=48.083111, SerializeBulkData=0.008415, MoveFile=3.219806, UnaccountedTime=1.644455, RunGuid=RunIDD6F320874B2BC125CCF0B6817B81B61F
SavePackageTransactionIdF6430D0F445124A32CEBCF9458D718E5_6, Filename=../../../../../../Users/user/Documents/Unreal Projects/MyProject4 4.11/Content/FirstPersonBP/Blueprints/MyAddContent/MyPawn/MyPawnDoc/HealthStates.uasset, AutoPackageBackupDelegate=3.659084, FlushAsyncLoading=0.003304, FlushStreamingFunc=0.105165, BlockTillAllRequestsFinished=0.003606, ResetLoadersForSaveUnMarkAllObjects=0.140619, TagPackageExports=34.218369, BeginCacheForCookedPlatformData=0.005711, SerializeImports=35.883553, GatherLocalizableTextData=25.529768, MarkNames=0.156846, SerializeSummary=0.012919, SerializeNames=0.289049, SerializeGatherableTextData=0.270121, BuildExportMap=0.329912, SortExportsNonSeekfree=8.587644, SortExportsSeekfreeConstructor=0.045069, SortExportsSeekfreeInner=32.290874, SortExportsSeekfree=0.011716, BuildDependencyMap=0.300169, SerializeImportMap=0.015624, SerializeExportMap=0.161652, SerializeDependencyMap=0.031549, SerializeStringAssetReferenceMap=0.001203, SaveThumbNailsAssetRegistryDataWorldLevelInfo=4.795753, SerializeExports=51.902645, SerializeBulkData=0.007514, MoveFile=2.325010, UnaccountedTime=1.833752, RunGuid=RunIDD6F320874B2BC125CCF0B6817B81B61F
SavePackageTransactionIdF6430D0F445124A32CEBCF9458D718E5_7, Filename=../../../../../../Users/user/Documents/Unreal Projects/MyProject4 4.11/Content/FirstPersonBP/Blueprints/MyAddContent/MyPawn/MyPawnDoc/MyFirstPersonCharacter.uasset, AutoPackageBackupDelegate=3.502842, FlushAsyncLoading=0.002705, FlushStreamingFunc=0.096448, BlockTillAllRequestsFinished=0.002705, ResetLoadersForSaveUnMarkAllObjects=0.134610, TagPackageExports=69.669853, BeginCacheForCookedPlatformData=0.006009, SerializeImports=72.174545, GatherLocalizableTextData=53.445244, MarkNames=0.337124, SerializeSummary=0.014722, SerializeNames=0.648107, SerializeGatherableTextData=0.460915, BuildExportMap=0.710003, SortExportsNonSeekfree=23.585449, SortExportsSeekfreeConstructor=0.049274, SortExportsSeekfreeInner=85.496346, SortExportsSeekfree=0.006009, BuildDependencyMap=0.532430, SerializeImportMap=0.041164, SerializeExportMap=0.323903, SerializeDependencyMap=0.064600, SerializeStringAssetReferenceMap=0.001803, SaveThumbNailsAssetRegistryDataWorldLevelInfo=16.507048, SerializeExports=100.057571, SerializeBulkData=0.008110, MoveFile=2.453614, UnaccountedTime=1.657374, RunGuid=RunIDD6F320874B2BC125CCF0B6817B81B61F
SavePackageTransactionIdF6430D0F445124A32CEBCF9458D718E5_8, Filename=../../../../../../Users/user/Documents/Unreal Projects/MyProject4 4.11/Content/FirstPersonBP/Blueprints/MyAddContent/MyPawn/MyPawnDoc/HealthStates.uasset, AutoPackageBackupDelegate=5.537905, FlushAsyncLoading=0.006311, FlushStreamingFunc=0.206418, BlockTillAllRequestsFinished=0.004508, ResetLoadersForSaveUnMarkAllObjects=0.172168, TagPackageExports=33.521282, BeginCacheForCookedPlatformData=0.005409, SerializeImports=37.184578, GatherLocalizableTextData=25.168907, MarkNames=0.111174, SerializeSummary=0.012320, SerializeNames=0.305574, SerializeGatherableTextData=0.289049, BuildExportMap=0.223245, SortExportsNonSeekfree=8.545581, SortExportsSeekfreeConstructor=0.042364, SortExportsSeekfreeInner=32.645725, SortExportsSeekfree=0.007510, BuildDependencyMap=0.291456, SerializeImportMap=0.014726, SerializeExportMap=0.161648, SerializeDependencyMap=0.033952, SerializeStringAssetReferenceMap=0.001501, SaveThumbNailsAssetRegistryDataWorldLevelInfo=4.997965, SerializeExports=49.823418, SerializeBulkData=0.007208, MoveFile=2.546158, UnaccountedTime=1.800697, RunGuid=RunIDD6F320874B2BC125CCF0B6817B81B61F
SavePackageTransactionIdF6430D0F445124A32CEBCF9458D718E5_9, Filename=../../../../../../Users/user/Documents/Unreal Projects/MyProject4 4.11/Content/FirstPersonBP/Blueprints/MyAddContent/MyPawn/MyPawnDoc/MyFirstPersonCharacter.uasset, AutoPackageBackupDelegate=6.308600, FlushAsyncLoading=0.006311, FlushStreamingFunc=0.089239, BlockTillAllRequestsFinished=0.007208, ResetLoadersForSaveUnMarkAllObjects=0.165559, TagPackageExports=71.627396, BeginCacheForCookedPlatformData=0.006009, SerializeImports=75.262444, GatherLocalizableTextData=54.306385, MarkNames=0.346135, SerializeSummary=0.014424, SerializeNames=0.887580, SerializeGatherableTextData=0.645403, BuildExportMap=0.724122, SortExportsNonSeekfree=23.955624, SortExportsSeekfreeConstructor=0.062495, SortExportsSeekfreeInner=85.842484, SortExportsSeekfree=0.007212, BuildDependencyMap=0.581402, SerializeImportMap=0.040863, SerializeExportMap=0.324804, SerializeDependencyMap=0.067003, SerializeStringAssetReferenceMap=0.001803, SaveThumbNailsAssetRegistryDataWorldLevelInfo=15.515507, SerializeExports=101.723961, SerializeBulkData=0.021331, MoveFile=2.781723, UnaccountedTime=2.031457, RunGuid=RunIDD6F320874B2BC125CCF0B6817B81B61F
SavePackageTransactionIdF6430D0F445124A32CEBCF9458D718E5_10, Filename=../../../../../../Users/user/Documents/Unreal Projects/MyProject4 4.11/Content/FirstPersonBP/Blueprints/MyAddContent/MyPawn/MyPawnDoc/HealthStates.uasset, AutoPackageBackupDelegate=3.529884, FlushAsyncLoading=0.002705, FlushStreamingFunc=0.124395, BlockTillAllRequestsFinished=0.003606, ResetLoadersForSaveUnMarkAllObjects=0.143621, TagPackageExports=34.307007, BeginCacheForCookedPlatformData=0.006609, SerializeImports=37.614845, GatherLocalizableTextData=25.661375, MarkNames=0.117481, SerializeSummary=0.010215, SerializeNames=0.286948, SerializeGatherableTextData=0.255998, BuildExportMap=0.272524, SortExportsNonSeekfree=8.515231, SortExportsSeekfreeConstructor=0.043266, SortExportsSeekfreeInner=33.165230, SortExportsSeekfree=0.006009, BuildDependencyMap=0.323001, SerializeImportMap=0.014722, SerializeExportMap=0.204619, SerializeDependencyMap=0.032451, SerializeStringAssetReferenceMap=0.002403, SaveThumbNailsAssetRegistryDataWorldLevelInfo=4.985947, SerializeExports=49.441525, SerializeBulkData=0.008412, MoveFile=2.590023, UnaccountedTime=1.718372, RunGuid=RunIDD6F320874B2BC125CCF0B6817B81B61F
SavePackageTransactionIdF6430D0F445124A32CEBCF9458D718E5_11, Filename=../../../../../../Users/user/Documents/Unreal Projects/MyProject4 4.11/Content/FirstPersonBP/Blueprints/MyAddContent/MyPawn/MyPawnDoc/MyFirstPersonCharacter.uasset, AutoPackageBackupDelegate=3.527779, FlushAsyncLoading=0.003308, FlushStreamingFunc=0.057086, BlockTillAllRequestsFinished=0.002705, ResetLoadersForSaveUnMarkAllObjects=0.190195, TagPackageExports=72.291725, BeginCacheForCookedPlatformData=0.005711, SerializeImports=75.158180, GatherLocalizableTextData=53.373734, MarkNames=0.334121, SerializeSummary=0.015322, SerializeNames=0.677552, SerializeGatherableTextData=0.462718, BuildExportMap=0.715714, SortExportsNonSeekfree=23.314125, SortExportsSeekfreeConstructor=0.047773, SortExportsSeekfreeInner=84.922752, SortExportsSeekfree=0.007212, BuildDependencyMap=0.590418, SerializeImportMap=0.041161, SerializeExportMap=0.324205, SerializeDependencyMap=0.066105, SerializeStringAssetReferenceMap=0.001803, SaveThumbNailsAssetRegistryDataWorldLevelInfo=15.521217, SerializeExports=99.851143, SerializeBulkData=0.008415, MoveFile=2.354160, UnaccountedTime=1.620118, RunGuid=RunIDD6F320874B2BC125CCF0B6817B81B61F
SavePackageTransactionIdF6430D0F445124A32CEBCF9458D718E5_12, Filename=../../../../../../Users/user/Documents/Unreal Projects/MyProject4 4.11/Content/FirstPersonBP/Blueprints/MyAddContent/MyPawn/MyPawnDoc/HealthStates.uasset, AutoPackageBackupDelegate=5.615726, FlushAsyncLoading=0.003003, FlushStreamingFunc=0.100356, BlockTillAllRequestsFinished=0.017427, ResetLoadersForSaveUnMarkAllObjects=0.177275, TagPackageExports=34.685894, BeginCacheForCookedPlatformData=0.006009, SerializeImports=36.771732, GatherLocalizableTextData=25.627422, MarkNames=0.120487, SerializeSummary=0.013217, SerializeNames=0.243079, SerializeGatherableTextData=0.335321, BuildExportMap=0.227753, SortExportsNonSeekfree=8.683496, SortExportsSeekfreeConstructor=0.048373, SortExportsSeekfreeInner=31.787291, SortExportsSeekfree=0.006009, BuildDependencyMap=0.299867, SerializeImportMap=0.015322, SerializeExportMap=0.223849, SerializeDependencyMap=0.032153, SerializeStringAssetReferenceMap=0.002101, SaveThumbNailsAssetRegistryDataWorldLevelInfo=4.897609, SerializeExports=49.487194, SerializeBulkData=0.009313, MoveFile=1.836754, UnaccountedTime=0.399020, RunGuid=RunIDD6F320874B2BC125CCF0B6817B81B61F
SavePackageTransactionIdF6430D0F445124A32CEBCF9458D718E5_13, Filename=../../../../../../Users/user/Documents/Unreal Projects/MyProject4 4.11/Content/FirstPersonBP/Blueprints/MyAddContent/MyPawn/Storage/Items/Equipeble/Weapons/Weapon.uasset, AutoPackageBackupDelegate=31.074883, FlushAsyncLoading=0.006013, FlushStreamingFunc=0.152033, BlockTillAllRequestsFinished=0.004809, ResetLoadersForSaveUnMarkAllObjects=0.200111, TagPackageExports=19.719940, BeginCacheForCookedPlatformData=0.003006, SerializeImports=21.439814, GatherLocalizableTextData=15.681967, MarkNames=0.093743, SerializeSummary=0.011720, SerializeNames=0.340126, SerializeGatherableTextData=0.145730, BuildExportMap=0.257798, SortExportsNonSeekfree=5.250960, SortExportsSeekfreeConstructor=0.045672, SortExportsSeekfreeInner=24.758469, SortExportsSeekfree=0.004508, BuildDependencyMap=0.171565, SerializeImportMap=0.021033, SerializeExportMap=0.103060, SerializeDependencyMap=0.019532, SerializeStringAssetReferenceMap=0.001803, SaveThumbNailsAssetRegistryDataWorldLevelInfo=3.199369, SerializeExports=27.650766, SerializeBulkData=0.008713, MoveFile=2.879374, UnaccountedTime=1.461770, RunGuid=RunIDD6F320874B2BC125CCF0B6817B81B61F
SavePackageTransactionIdF6430D0F445124A32CEBCF9458D718E5_14, Filename=../../../../../../Users/user/Documents/Unreal Projects/MyProject4 4.11/Content/FirstPersonBP/Maps/FirstPersonExampleMap.umap, AutoPackageBackupDelegate=1054.352051, FlushAsyncLoading=0.029147, FlushStreamingFunc=0.168260, BlockTillAllRequestsFinished=0.006009, ResetLoadersForSaveUnMarkAllObjects=541.297974, TagPackageExports=2.777215, BeginCacheForCookedPlatformData=0.002705, SerializeImports=3.760643, GatherLocalizableTextData=21.834326, MarkNames=0.074815, SerializeSummary=0.012320, SerializeNames=0.432674, SerializeGatherableTextData=0.025541, BuildExportMap=0.423357, SortExportsNonSeekfree=1.004159, SortExportsSeekfreeConstructor=0.041164, SortExportsSeekfreeInner=18.337194, SortExportsSeekfree=0.003602, BuildDependencyMap=0.110574, SerializeImportMap=0.052281, SerializeExportMap=0.050176, SerializeDependencyMap=0.012018, SerializeStringAssetReferenceMap=0.001203, SaveThumbNailsAssetRegistryDataWorldLevelInfo=1.407087, SerializeExports=13.135210, SerializeBulkData=1034.198853, MoveFile=3.693640, UnaccountedTime=1.263764, RunGuid=RunIDD6F320874B2BC125CCF0B6817B81B61F
SavePackageTransactionIdF6430D0F445124A32CEBCF9458D718E5_15, Filename=../../../../../../Users/user/Documents/Unreal Projects/MyProject4 4.11/Content/FirstPersonBP/Blueprints/MyAddContent/MyPawn/Storage/Items/Equipeble/Weapons/Weapon.uasset, AutoPackageBackupDelegate=3.940321, FlushAsyncLoading=0.005409, FlushStreamingFunc=0.079624, BlockTillAllRequestsFinished=0.005409, ResetLoadersForSaveUnMarkAllObjects=0.167660, TagPackageExports=18.427935, BeginCacheForCookedPlatformData=0.004206, SerializeImports=21.629107, GatherLocalizableTextData=15.712015, MarkNames=0.085633, SerializeSummary=0.010516, SerializeNames=0.318795, SerializeGatherableTextData=0.131905, BuildExportMap=0.307076, SortExportsNonSeekfree=5.226921, SortExportsSeekfreeConstructor=0.039663, SortExportsSeekfreeInner=22.184971, SortExportsSeekfree=0.003904, BuildDependencyMap=0.166159, SerializeImportMap=0.019230, SerializeExportMap=0.113577, SerializeDependencyMap=0.018928, SerializeStringAssetReferenceMap=0.001803, SaveThumbNailsAssetRegistryDataWorldLevelInfo=3.010977, SerializeExports=28.050989, SerializeBulkData=0.007510, MoveFile=1.581058, UnaccountedTime=0.322398, RunGuid=RunIDD6F320874B2BC125CCF0B6817B81B61F
SavePackageTransactionIdF6430D0F445124A32CEBCF9458D718E5_16, Filename=../../../../../../Users/user/Documents/Unreal Projects/MyProject4 4.11/Content/FirstPersonBP/Blueprints/MyAddContent/MyPawn/Storage/Items/Equipeble/Weapons/Weapon.uasset, AutoPackageBackupDelegate=4.743170, FlushAsyncLoading=0.003006, FlushStreamingFunc=0.073012, BlockTillAllRequestsFinished=0.003606, ResetLoadersForSaveUnMarkAllObjects=0.169765, TagPackageExports=20.415823, BeginCacheForCookedPlatformData=0.003003, SerializeImports=19.715435, GatherLocalizableTextData=15.806060, MarkNames=0.096448, SerializeSummary=0.013221, SerializeNames=0.317592, SerializeGatherableTextData=0.130404, BuildExportMap=0.313688, SortExportsNonSeekfree=5.048145, SortExportsSeekfreeConstructor=0.042364, SortExportsSeekfreeInner=22.930731, SortExportsSeekfree=0.004206, BuildDependencyMap=0.199210, SerializeImportMap=0.019230, SerializeExportMap=0.103962, SerializeDependencyMap=0.019833, SerializeStringAssetReferenceMap=0.002101, SaveThumbNailsAssetRegistryDataWorldLevelInfo=2.954792, SerializeExports=28.483660, SerializeBulkData=0.007812, MoveFile=1.433525, UnaccountedTime=1.641151, RunGuid=RunIDD6F320874B2BC125CCF0B6817B81B61F
SavePackageTransactionIdF6430D0F445124A32CEBCF9458D718E5_17, Filename=../../../../../../Users/user/Documents/Unreal Projects/MyProject4 4.11/Content/FirstPersonBP/Blueprints/MyAddContent/MyPawn/Storage/Items/StorageItem.uasset, AutoPackageBackupDelegate=31.810425, FlushAsyncLoading=0.005711, FlushStreamingFunc=0.131905, BlockTillAllRequestsFinished=0.006311, ResetLoadersForSaveUnMarkAllObjects=0.181481, TagPackageExports=17.086948, BeginCacheForCookedPlatformData=0.005107, SerializeImports=18.379559, GatherLocalizableTextData=13.514400, MarkNames=0.078119, SerializeSummary=0.011120, SerializeNames=0.289049, SerializeGatherableTextData=0.104561, BuildExportMap=0.221442, SortExportsNonSeekfree=3.722183, SortExportsSeekfreeConstructor=0.039965, SortExportsSeekfreeInner=19.113298, SortExportsSeekfree=0.004206, BuildDependencyMap=0.149030, SerializeImportMap=0.017427, SerializeExportMap=0.093143, SerializeDependencyMap=0.019528, SerializeStringAssetReferenceMap=0.002403, SaveThumbNailsAssetRegistryDataWorldLevelInfo=2.676260, SerializeExports=22.957771, SerializeBulkData=0.007812, MoveFile=2.834905, UnaccountedTime=1.512554, RunGuid=RunIDD6F320874B2BC125CCF0B6817B81B61F
SavePackageTransactionIdF6430D0F445124A32CEBCF9458D718E5_18, Filename=../../../../../../Users/user/Documents/Unreal Projects/MyProject4 4.11/Content/FirstPersonBP/Blueprints/MyAddContent/MyPawn/Storage/Items/Equipeble/Weapons/Weapon.uasset, AutoPackageBackupDelegate=4.697800, FlushAsyncLoading=0.004809, FlushStreamingFunc=0.054985, BlockTillAllRequestsFinished=0.005409, ResetLoadersForSaveUnMarkAllObjects=0.181783, TagPackageExports=20.754450, BeginCacheForCookedPlatformData=0.003904, SerializeImports=21.401354, GatherLocalizableTextData=16.011278, MarkNames=0.097651, SerializeSummary=0.013221, SerializeNames=0.335023, SerializeGatherableTextData=0.139717, BuildExportMap=0.260804, SortExportsNonSeekfree=5.043037, SortExportsSeekfreeConstructor=0.043869, SortExportsSeekfreeInner=22.433155, SortExportsSeekfree=0.004508, BuildDependencyMap=0.168562, SerializeImportMap=0.019230, SerializeExportMap=0.129201, SerializeDependencyMap=0.021935, SerializeStringAssetReferenceMap=0.001803, SaveThumbNailsAssetRegistryDataWorldLevelInfo=2.916630, SerializeExports=28.754078, SerializeBulkData=0.007212, MoveFile=2.998661, UnaccountedTime=1.810610, RunGuid=RunIDD6F320874B2BC125CCF0B6817B81B61F
SavePackageTransactionIdF6430D0F445124A32CEBCF9458D718E5_19, Filename=../../../../../../Users/user/Documents/Unreal Projects/MyProject4 4.11/Content/FirstPersonBP/Blueprints/MyAddContent/MyPawn/Storage/Items/StorageItem.uasset, AutoPackageBackupDelegate=3.577057, FlushAsyncLoading=0.004806, FlushStreamingFunc=0.156544, BlockTillAllRequestsFinished=0.003908, ResetLoadersForSaveUnMarkAllObjects=0.189293, TagPackageExports=16.904566, BeginCacheForCookedPlatformData=0.005107, SerializeImports=17.776821, GatherLocalizableTextData=13.237972, MarkNames=0.078421, SerializeSummary=0.010815, SerializeNames=0.281539, SerializeGatherableTextData=0.132807, BuildExportMap=0.231057, SortExportsNonSeekfree=3.614619, SortExportsSeekfreeConstructor=0.040561, SortExportsSeekfreeInner=17.777424, SortExportsSeekfree=0.004206, BuildDependencyMap=0.146929, SerializeImportMap=0.016827, SerializeExportMap=0.090439, SerializeDependencyMap=0.018328, SerializeStringAssetReferenceMap=0.001505, SaveThumbNailsAssetRegistryDataWorldLevelInfo=2.568688, SerializeExports=24.037651, SerializeBulkData=0.007812, MoveFile=2.549764, UnaccountedTime=1.719870, RunGuid=RunIDD6F320874B2BC125CCF0B6817B81B61F
SavePackageTransactionIdF6430D0F445124A32CEBCF9458D718E5_20, Filename=../../../../../../Users/user/Documents/Unreal Projects/MyProject4 4.11/Content/FirstPersonBP/Blueprints/MyAddContent/MyPawn/Storage/Items/StorageItem.uasset, AutoPackageBackupDelegate=3.696345, FlushAsyncLoading=0.002705, FlushStreamingFunc=0.080224, BlockTillAllRequestsFinished=0.004809, ResetLoadersForSaveUnMarkAllObjects=0.146627, TagPackageExports=16.881130, BeginCacheForCookedPlatformData=0.005107, SerializeImports=18.101629, GatherLocalizableTextData=13.316993, MarkNames=0.079621, SerializeSummary=0.012022, SerializeNames=0.296861, SerializeGatherableTextData=0.175472, BuildExportMap=0.221744, SortExportsNonSeekfree=3.611613, SortExportsSeekfreeConstructor=0.082627, SortExportsSeekfreeInner=17.299078, SortExportsSeekfree=0.004508, BuildDependencyMap=0.147529, SerializeImportMap=0.015024, SerializeExportMap=0.090137, SerializeDependencyMap=0.018630, SerializeStringAssetReferenceMap=0.002403, SaveThumbNailsAssetRegistryDataWorldLevelInfo=2.716821, SerializeExports=22.987518, SerializeBulkData=0.007212, MoveFile=2.435885, UnaccountedTime=1.592174, RunGuid=RunIDD6F320874B2BC125CCF0B6817B81B61F
SavePackageTransactionIdF6430D0F445124A32CEBCF9458D718E5_21, Filename=../../../../../../Users/user/Documents/Unreal Projects/MyProject4 4.11/Content/FirstPersonBP/Maps/FirstPersonExampleMap.umap, AutoPackageBackupDelegate=18.130470, FlushAsyncLoading=0.012022, FlushStreamingFunc=0.144824, BlockTillAllRequestsFinished=0.004508, ResetLoadersForSaveUnMarkAllObjects=61.632664, TagPackageExports=2.122197, BeginCacheForCookedPlatformData=0.001200, SerializeImports=3.643162, GatherLocalizableTextData=21.673574, MarkNames=0.088938, SerializeSummary=0.011720, SerializeNames=0.442889, SerializeGatherableTextData=0.025541, BuildExportMap=0.429366, SortExportsNonSeekfree=0.939861, SortExportsSeekfreeConstructor=0.039060, SortExportsSeekfreeInner=18.417116, SortExportsSeekfree=0.003304, BuildDependencyMap=0.111774, SerializeImportMap=0.050779, SerializeExportMap=0.050180, SerializeDependencyMap=0.011720, SerializeStringAssetReferenceMap=0.001501, SaveThumbNailsAssetRegistryDataWorldLevelInfo=1.349397, SerializeExports=13.705793, SerializeBulkData=1043.237793, MoveFile=4.961308, UnaccountedTime=1.578953, RunGuid=RunIDD6F320874B2BC125CCF0B6817B81B61F
SavePackageTransactionIdF6430D0F445124A32CEBCF9458D718E5_22, Filename=../../../../../../Users/user/Documents/Unreal Projects/MyProject4 4.11/Content/FirstPersonBP/Blueprints/MyAddContent/MyPawn/Storage/Items/StorageItem.uasset, AutoPackageBackupDelegate=4.392225, FlushAsyncLoading=0.004809, FlushStreamingFunc=0.151135, BlockTillAllRequestsFinished=0.004206, ResetLoadersForSaveUnMarkAllObjects=0.149332, TagPackageExports=16.481512, BeginCacheForCookedPlatformData=0.003904, SerializeImports=17.909027, GatherLocalizableTextData=13.391506, MarkNames=0.085633, SerializeSummary=0.011418, SerializeNames=0.324506, SerializeGatherableTextData=0.106364, BuildExportMap=0.219341, SortExportsNonSeekfree=3.684625, SortExportsSeekfreeConstructor=0.041164, SortExportsSeekfreeInner=17.077333, SortExportsSeekfree=0.004508, BuildDependencyMap=0.149332, SerializeImportMap=0.017125, SerializeExportMap=0.091042, SerializeDependencyMap=0.018928, SerializeStringAssetReferenceMap=0.001803, SaveThumbNailsAssetRegistryDataWorldLevelInfo=2.564788, SerializeExports=23.062635, SerializeBulkData=0.009615, MoveFile=1.412194, UnaccountedTime=0.311282, RunGuid=RunIDD6F320874B2BC125CCF0B6817B81B61F
SavePackageTransactionIdF6430D0F445124A32CEBCF9458D718E5_23, Filename=../../../../../../Users/user/Documents/Unreal Projects/MyProject4 4.11/Content/FirstPersonBP/Blueprints/MyAddContent/MyPawn/Storage/Items/Equipeble/Weapons/Weapon.uasset, AutoPackageBackupDelegate=5.081195, FlushAsyncLoading=0.003308, FlushStreamingFunc=0.045970, BlockTillAllRequestsFinished=0.005107, ResetLoadersForSaveUnMarkAllObjects=0.173371, TagPackageExports=18.712477, BeginCacheForCookedPlatformData=0.002705, SerializeImports=21.552187, GatherLocalizableTextData=15.502889, MarkNames=0.086837, SerializeSummary=0.012320, SerializeNames=0.314888, SerializeGatherableTextData=0.149935, BuildExportMap=0.254795, SortExportsNonSeekfree=4.874472, SortExportsSeekfreeConstructor=0.006612, SortExportsSeekfreeInner=22.173252, SortExportsSeekfree=0.004809, BuildDependencyMap=0.165254, SerializeImportMap=0.019833, SerializeExportMap=0.101857, SerializeDependencyMap=0.019528, SerializeStringAssetReferenceMap=0.001803, SaveThumbNailsAssetRegistryDataWorldLevelInfo=2.972819, SerializeExports=27.080177, SerializeBulkData=0.008412, MoveFile=1.442540, UnaccountedTime=1.630634, RunGuid=RunIDD6F320874B2BC125CCF0B6817B81B61F
SavePackageTransactionIdF6430D0F445124A32CEBCF9458D718E5_24, Filename=../../../../../../Users/user/Documents/Unreal Projects/MyProject4 4.11/Content/FirstPersonBP/Blueprints/MyAddContent/MyPawn/Storage/Items/StorageItem.uasset, AutoPackageBackupDelegate=3.408197, FlushAsyncLoading=0.002701, FlushStreamingFunc=0.070911, BlockTillAllRequestsFinished=0.002407, ResetLoadersForSaveUnMarkAllObjects=0.135209, TagPackageExports=15.990246, BeginCacheForCookedPlatformData=0.003304, SerializeImports=17.613970, GatherLocalizableTextData=13.483450, MarkNames=0.138815, SerializeSummary=0.011720, SerializeNames=0.301067, SerializeGatherableTextData=0.104561, BuildExportMap=0.224449, SortExportsNonSeekfree=3.720682, SortExportsSeekfreeConstructor=0.041764, SortExportsSeekfreeInner=17.035872, SortExportsSeekfree=0.003304, BuildDependencyMap=0.145126, SerializeImportMap=0.019532, SerializeExportMap=0.124093, SerializeDependencyMap=0.018928, SerializeStringAssetReferenceMap=0.001505, SaveThumbNailsAssetRegistryDataWorldLevelInfo=2.584916, SerializeExports=23.991377, SerializeBulkData=0.036057, MoveFile=3.634147, UnaccountedTime=1.959041, RunGuid=RunIDD6F320874B2BC125CCF0B6817B81B61F
SavePackageTransactionIdF6430D0F445124A32CEBCF9458D718E5_25, Filename=../../../../../../Users/user/Documents/Unreal Projects/MyProject4 4.11/Content/FirstPersonBP/Blueprints/MyAddContent/MyPawn/Storage/Items/Equipeble/Weapons/RangeWeapon.uasset, AutoPackageBackupDelegate=31.249758, FlushAsyncLoading=0.028845, FlushStreamingFunc=0.183884, BlockTillAllRequestsFinished=0.008114, ResetLoadersForSaveUnMarkAllObjects=0.324804, TagPackageExports=20.202190, BeginCacheForCookedPlatformData=0.017125, SerializeImports=23.399458, GatherLocalizableTextData=17.592035, MarkNames=0.103060, SerializeSummary=0.010215, SerializeNames=0.365067, SerializeGatherableTextData=0.128299, BuildExportMap=0.378288, SortExportsNonSeekfree=5.995516, SortExportsSeekfreeConstructor=0.043567, SortExportsSeekfreeInner=24.651505, SortExportsSeekfree=0.006009, BuildDependencyMap=0.244278, SerializeImportMap=0.023734, SerializeExportMap=0.114780, SerializeDependencyMap=0.025839, SerializeStringAssetReferenceMap=0.002705, SaveThumbNailsAssetRegistryDataWorldLevelInfo=3.547315, SerializeExports=31.421021, SerializeBulkData=0.009917, MoveFile=2.862249, UnaccountedTime=0.418548, RunGuid=RunIDD6F320874B2BC125CCF0B6817B81B61F
SavePackageTransactionIdF6430D0F445124A32CEBCF9458D718E5_26, Filename=../../../../../../Users/user/Documents/Unreal Projects/MyProject4 4.11/Content/FirstPersonBP/Blueprints/MyAddContent/MyPawn/Storage/Items/Equipeble/Weapons/Weapon.uasset, AutoPackageBackupDelegate=4.582118, FlushAsyncLoading=0.004809, FlushStreamingFunc=0.135511, BlockTillAllRequestsFinished=0.003904, ResetLoadersForSaveUnMarkAllObjects=0.177275, TagPackageExports=19.217859, BeginCacheForCookedPlatformData=0.003308, SerializeImports=21.042295, GatherLocalizableTextData=15.689779, MarkNames=0.137314, SerializeSummary=0.011716, SerializeNames=0.324205, SerializeGatherableTextData=0.135809, BuildExportMap=0.241578, SortExportsNonSeekfree=5.461585, SortExportsSeekfreeConstructor=0.040565, SortExportsSeekfreeInner=22.345421, SortExportsSeekfree=0.004508, BuildDependencyMap=0.168562, SerializeImportMap=0.020131, SerializeExportMap=0.100356, SerializeDependencyMap=0.033952, SerializeStringAssetReferenceMap=0.001501, SaveThumbNailsAssetRegistryDataWorldLevelInfo=3.034115, SerializeExports=29.156103, SerializeBulkData=0.008412, MoveFile=2.586119, UnaccountedTime=1.725283, RunGuid=RunIDD6F320874B2BC125CCF0B6817B81B61F
SavePackageTransactionIdF6430D0F445124A32CEBCF9458D718E5_27, Filename=../../../../../../Users/user/Documents/Unreal Projects/MyProject4 4.11/Content/FirstPersonBP/Maps/FirstPersonExampleMap.umap, AutoPackageBackupDelegate=3.605302, FlushAsyncLoading=0.002705, FlushStreamingFunc=0.091642, BlockTillAllRequestsFinished=0.002403, ResetLoadersForSaveUnMarkAllObjects=55.996506, TagPackageExports=2.099663, BeginCacheForCookedPlatformData=0.001501, SerializeImports=3.655180, GatherLocalizableTextData=21.946098, MarkNames=0.072114, SerializeSummary=0.010516, SerializeNames=0.533927, SerializeGatherableTextData=0.025842, BuildExportMap=0.386398, SortExportsNonSeekfree=0.976820, SortExportsSeekfreeConstructor=0.039961, SortExportsSeekfreeInner=18.625040, SortExportsSeekfree=0.003003, BuildDependencyMap=0.140019, SerializeImportMap=0.053182, SerializeExportMap=0.050478, SerializeDependencyMap=0.012018, SerializeStringAssetReferenceMap=0.001505, SaveThumbNailsAssetRegistryDataWorldLevelInfo=1.323856, SerializeExports=13.473533, SerializeBulkData=1045.646606, MoveFile=3.969770, UnaccountedTime=1.270372, RunGuid=RunIDD6F320874B2BC125CCF0B6817B81B61F
SavePackageTransactionIdF6430D0F445124A32CEBCF9458D718E5_28, Filename=../../../../../../Users/user/Documents/Unreal Projects/MyProject4 4.11/Content/FirstPersonBP/Blueprints/MyAddContent/MyPawn/Storage/Items/Equipeble/Weapons/Weapon.uasset, AutoPackageBackupDelegate=3.953241, FlushAsyncLoading=0.004809, FlushStreamingFunc=0.067305, BlockTillAllRequestsFinished=0.003904, ResetLoadersForSaveUnMarkAllObjects=0.165559, TagPackageExports=18.348608, BeginCacheForCookedPlatformData=0.002705, SerializeImports=20.164631, GatherLocalizableTextData=15.698794, MarkNames=0.094045, SerializeSummary=0.011116, SerializeNames=0.352748, SerializeGatherableTextData=0.159249, BuildExportMap=0.245482, SortExportsNonSeekfree=5.630750, SortExportsSeekfreeConstructor=0.054684, SortExportsSeekfreeInner=23.602873, SortExportsSeekfree=0.004508, BuildDependencyMap=0.161652, SerializeImportMap=0.018630, SerializeExportMap=0.100657, SerializeDependencyMap=0.022236, SerializeStringAssetReferenceMap=0.001501, SaveThumbNailsAssetRegistryDataWorldLevelInfo=3.036220, SerializeExports=27.387255, SerializeBulkData=0.007208, MoveFile=1.889635, UnaccountedTime=0.478946, RunGuid=RunIDD6F320874B2BC125CCF0B6817B81B61F
SavePackageTransactionIdF6430D0F445124A32CEBCF9458D718E5_29, Filename=../../../../../../Users/user/Documents/Unreal Projects/MyProject4 4.11/Content/FirstPersonBP/Blueprints/MyAddContent/MyPawn/Storage/Items/StorageItem.uasset, AutoPackageBackupDelegate=3.541302, FlushAsyncLoading=0.003003, FlushStreamingFunc=0.096451, BlockTillAllRequestsFinished=0.002705, ResetLoadersForSaveUnMarkAllObjects=0.135209, TagPackageExports=16.238733, BeginCacheForCookedPlatformData=0.003304, SerializeImports=18.332384, GatherLocalizableTextData=13.682660, MarkNames=0.080526, SerializeSummary=0.010815, SerializeNames=0.295360, SerializeGatherableTextData=0.103060, BuildExportMap=0.275530, SortExportsNonSeekfree=3.735103, SortExportsSeekfreeConstructor=0.006910, SortExportsSeekfreeInner=16.937616, SortExportsSeekfree=0.003908, BuildDependencyMap=0.146925, SerializeImportMap=0.033651, SerializeExportMap=0.132807, SerializeDependencyMap=0.018328, SerializeStringAssetReferenceMap=0.001501, SaveThumbNailsAssetRegistryDataWorldLevelInfo=2.515510, SerializeExports=22.901285, SerializeBulkData=0.022534, MoveFile=3.958952, UnaccountedTime=1.708154, RunGuid=RunIDD6F320874B2BC125CCF0B6817B81B61F
SavePackageTransactionIdF6430D0F445124A32CEBCF9458D718E5_30, Filename=../../../../../../Users/user/Documents/Unreal Projects/MyProject4 4.11/Content/FirstPersonBP/Blueprints/MyAddContent/MyPawn/Storage/Items/StorageItem.uasset, AutoPackageBackupDelegate=4.615773, FlushAsyncLoading=0.004809, FlushStreamingFunc=0.124093, BlockTillAllRequestsFinished=0.003904, ResetLoadersForSaveUnMarkAllObjects=0.197407, TagPackageExports=16.914480, BeginCacheForCookedPlatformData=0.004210, SerializeImports=17.783731, GatherLocalizableTextData=13.147827, MarkNames=0.078123, SerializeSummary=0.010818, SerializeNames=0.340126, SerializeGatherableTextData=0.145726, BuildExportMap=0.218138, SortExportsNonSeekfree=3.719483, SortExportsSeekfreeConstructor=0.041161, SortExportsSeekfreeInner=16.415709, SortExportsSeekfree=0.004206, BuildDependencyMap=0.144526, SerializeImportMap=0.018630, SerializeExportMap=0.105161, SerializeDependencyMap=0.018630, SerializeStringAssetReferenceMap=0.001501, SaveThumbNailsAssetRegistryDataWorldLevelInfo=2.511304, SerializeExports=23.957127, SerializeBulkData=0.010215, MoveFile=2.368882, UnaccountedTime=0.378888, RunGuid=RunIDD6F320874B2BC125CCF0B6817B81B61F
SavePackageTransactionIdF6430D0F445124A32CEBCF9458D718E5_31, Filename=../../../../../../Users/user/Documents/Unreal Projects/MyProject4 4.11/Content/FirstPersonBP/Blueprints/MyAddContent/MyPawn/Storage/Items/Equipeble/Weapons/Weapon.uasset, AutoPackageBackupDelegate=3.551219, FlushAsyncLoading=0.002701, FlushStreamingFunc=0.071213, BlockTillAllRequestsFinished=0.003904, ResetLoadersForSaveUnMarkAllObjects=0.156544, TagPackageExports=19.554384, BeginCacheForCookedPlatformData=0.003006, SerializeImports=21.176603, GatherLocalizableTextData=15.072621, MarkNames=0.086233, SerializeSummary=0.012621, SerializeNames=0.374980, SerializeGatherableTextData=0.170365, BuildExportMap=0.246685, SortExportsNonSeekfree=5.404495, SortExportsSeekfreeConstructor=0.039965, SortExportsSeekfreeInner=22.758261, SortExportsSeekfree=0.003908, BuildDependencyMap=0.165857, SerializeImportMap=0.018928, SerializeExportMap=0.100356, SerializeDependencyMap=0.039659, SerializeStringAssetReferenceMap=0.002105, SaveThumbNailsAssetRegistryDataWorldLevelInfo=3.127560, SerializeExports=26.322100, SerializeBulkData=0.006609, MoveFile=11.537630, UnaccountedTime=1.379441, RunGuid=RunIDD6F320874B2BC125CCF0B6817B81B61F
SavePackageTransactionIdF6430D0F445124A32CEBCF9458D718E5_32, Filename=../../../../../../Users/user/Documents/Unreal Projects/MyProject4 4.11/Content/FirstPersonBP/Blueprints/MyAddContent/MyPawn/Storage/Items/Equipeble/Weapons/Weapon.uasset, AutoPackageBackupDelegate=4.461635, FlushAsyncLoading=0.004206, FlushStreamingFunc=0.075717, BlockTillAllRequestsFinished=0.003006, ResetLoadersForSaveUnMarkAllObjects=0.157442, TagPackageExports=18.221815, BeginCacheForCookedPlatformData=0.002705, SerializeImports=21.329243, GatherLocalizableTextData=15.123099, MarkNames=0.116579, SerializeSummary=0.011116, SerializeNames=0.310685, SerializeGatherableTextData=0.142120, BuildExportMap=0.241574, SortExportsNonSeekfree=5.411711, SortExportsSeekfreeConstructor=0.006910, SortExportsSeekfreeInner=22.015806, SortExportsSeekfree=0.003606, BuildDependencyMap=0.161953, SerializeImportMap=0.040263, SerializeExportMap=0.117481, SerializeDependencyMap=0.021335, SerializeStringAssetReferenceMap=0.001803, SaveThumbNailsAssetRegistryDataWorldLevelInfo=2.942171, SerializeExports=26.482851, SerializeBulkData=0.007510, MoveFile=1.403782, UnaccountedTime=1.976471, RunGuid=RunIDD6F320874B2BC125CCF0B6817B81B61F
SavePackageTransactionIdF6430D0F445124A32CEBCF9458D718E5_33, Filename=../../../../../../Users/user/Documents/Unreal Projects/MyProject4 4.11/Content/FirstPersonBP/Blueprints/MyAddContent/MyPawn/Storage/Items/StorageItem.uasset, AutoPackageBackupDelegate=6.441407, FlushAsyncLoading=0.005409, FlushStreamingFunc=0.139717, BlockTillAllRequestsFinished=0.005409, ResetLoadersForSaveUnMarkAllObjects=0.200711, TagPackageExports=16.463480, BeginCacheForCookedPlatformData=0.004206, SerializeImports=17.863356, GatherLocalizableTextData=13.216335, MarkNames=0.128601, SerializeSummary=0.013221, SerializeNames=0.306476, SerializeGatherableTextData=0.153840, BuildExportMap=0.220541, SortExportsNonSeekfree=3.627539, SortExportsSeekfreeConstructor=0.059191, SortExportsSeekfreeInner=18.621433, SortExportsSeekfree=0.004809, BuildDependencyMap=0.146627, SerializeImportMap=0.016823, SerializeExportMap=0.136413, SerializeDependencyMap=0.018030, SerializeStringAssetReferenceMap=0.001803, SaveThumbNailsAssetRegistryDataWorldLevelInfo=2.606548, SerializeExports=23.397957, SerializeBulkData=0.009917, MoveFile=1.661882, UnaccountedTime=0.318196, RunGuid=RunIDD6F320874B2BC125CCF0B6817B81B61F
SavePackageTransactionIdF6430D0F445124A32CEBCF9458D718E5_34, Filename=../../../../../../Users/user/Documents/Unreal Projects/MyProject4 4.11/Content/FirstPersonBP/Blueprints/MyAddContent/MyPawn/Storage/Items/Equipeble/Weapons/Weapon.uasset, AutoPackageBackupDelegate=5.235035, FlushAsyncLoading=0.011720, FlushStreamingFunc=0.103962, BlockTillAllRequestsFinished=0.005107, ResetLoadersForSaveUnMarkAllObjects=0.178177, TagPackageExports=20.643578, BeginCacheForCookedPlatformData=0.003904, SerializeImports=22.138100, GatherLocalizableTextData=15.722830, MarkNames=0.087135, SerializeSummary=0.011418, SerializeNames=0.396017, SerializeGatherableTextData=0.149030, BuildExportMap=0.246685, SortExportsNonSeekfree=5.561039, SortExportsSeekfreeConstructor=0.040263, SortExportsSeekfreeInner=23.543381, SortExportsSeekfree=0.004508, BuildDependencyMap=0.169165, SerializeImportMap=0.020131, SerializeExportMap=0.100959, SerializeDependencyMap=0.021033, SerializeStringAssetReferenceMap=0.001505, SaveThumbNailsAssetRegistryDataWorldLevelInfo=3.025398, SerializeExports=29.904869, SerializeBulkData=0.008412, MoveFile=3.150694, UnaccountedTime=1.793187, RunGuid=RunIDD6F320874B2BC125CCF0B6817B81B61F
SavePackageTransactionIdF6430D0F445124A32CEBCF9458D718E5_35, Filename=../../../../../../Users/user/Documents/Unreal Projects/MyProject4 4.11/Content/FirstPersonBP/Maps/FirstPersonExampleMap.umap, AutoPackageBackupDelegate=19.508713, FlushAsyncLoading=0.026442, FlushStreamingFunc=0.109971, BlockTillAllRequestsFinished=0.008412, ResetLoadersForSaveUnMarkAllObjects=54.412144, TagPackageExports=2.163961, BeginCacheForCookedPlatformData=0.001501, SerializeImports=3.754035, GatherLocalizableTextData=21.532654, MarkNames=0.073615, SerializeSummary=0.009917, SerializeNames=0.473537, SerializeGatherableTextData=0.026140, BuildExportMap=0.429668, SortExportsNonSeekfree=0.977717, SortExportsSeekfreeConstructor=0.040263, SortExportsSeekfreeInner=18.450771, SortExportsSeekfree=0.003602, BuildDependencyMap=0.142723, SerializeImportMap=0.050779, SerializeExportMap=0.050180, SerializeDependencyMap=0.025541, SerializeStringAssetReferenceMap=0.001501, SaveThumbNailsAssetRegistryDataWorldLevelInfo=1.294412, SerializeExports=13.837400, SerializeBulkData=1086.006226, MoveFile=4.092656, UnaccountedTime=1.267072, RunGuid=RunIDD6F320874B2BC125CCF0B6817B81B61F
SavePackageTransactionIdF6430D0F445124A32CEBCF9458D718E5_36, Filename=../../../../../../Users/user/Documents/Unreal Projects/MyProject4 4.11/Content/FirstPersonBP/Blueprints/MyAddContent/MyPawn/Storage/Items/Equipeble/Weapons/RangeWeapon.uasset, AutoPackageBackupDelegate=4.477557, FlushAsyncLoading=0.006311, FlushStreamingFunc=0.081126, BlockTillAllRequestsFinished=0.004806, ResetLoadersForSaveUnMarkAllObjects=0.211529, TagPackageExports=22.201799, BeginCacheForCookedPlatformData=0.004806, SerializeImports=23.627512, GatherLocalizableTextData=17.375097, MarkNames=0.105467, SerializeSummary=0.011418, SerializeNames=0.461217, SerializeGatherableTextData=0.154138, BuildExportMap=0.353649, SortExportsNonSeekfree=6.513219, SortExportsSeekfreeConstructor=0.007212, SortExportsSeekfreeInner=25.222090, SortExportsSeekfree=0.004809, BuildDependencyMap=0.191998, SerializeImportMap=0.023440, SerializeExportMap=0.115078, SerializeDependencyMap=0.025239, SerializeStringAssetReferenceMap=0.001501, SaveThumbNailsAssetRegistryDataWorldLevelInfo=3.580064, SerializeExports=31.963364, SerializeBulkData=0.007812, MoveFile=1.591872, UnaccountedTime=1.365922, RunGuid=RunIDD6F320874B2BC125CCF0B6817B81B61F
SavePackageTransactionIdF6430D0F445124A32CEBCF9458D718E5_37, Filename=../../../../../../Users/user/Documents/Unreal Projects/MyProject4 4.11/Content/FirstPersonBP/Blueprints/MyAddContent/MyPawn/Storage/Items/StorageItem.uasset, AutoPackageBackupDelegate=3.190659, FlushAsyncLoading=0.003006, FlushStreamingFunc=0.110872, BlockTillAllRequestsFinished=0.004206, ResetLoadersForSaveUnMarkAllObjects=0.145126, TagPackageExports=16.938820, BeginCacheForCookedPlatformData=0.003304, SerializeImports=18.269890, GatherLocalizableTextData=13.242476, MarkNames=0.083830, SerializeSummary=0.012018, SerializeNames=0.292357, SerializeGatherableTextData=0.105765, BuildExportMap=0.243075, SortExportsNonSeekfree=3.641360, SortExportsSeekfreeConstructor=0.039659, SortExportsSeekfreeInner=16.867310, SortExportsSeekfree=0.004206, BuildDependencyMap=0.143923, SerializeImportMap=0.015624, SerializeExportMap=0.091340, SerializeDependencyMap=0.018027, SerializeStringAssetReferenceMap=0.002407, SaveThumbNailsAssetRegistryDataWorldLevelInfo=2.555471, SerializeExports=23.136549, SerializeBulkData=0.008713, MoveFile=2.552468, UnaccountedTime=1.709655, RunGuid=RunIDD6F320874B2BC125CCF0B6817B81B61F
SavePackageTransactionIdF6430D0F445124A32CEBCF9458D718E5_38, Filename=../../../../../../Users/user/Documents/Unreal Projects/MyProject4 4.11/Content/FirstPersonBP/Blueprints/MyAddContent/MyPawn/Storage/Items/Equipeble/Weapons/Weapon.uasset, AutoPackageBackupDelegate=3.260367, FlushAsyncLoading=0.003003, FlushStreamingFunc=0.043571, BlockTillAllRequestsFinished=0.004806, ResetLoadersForSaveUnMarkAllObjects=0.143923, TagPackageExports=19.015347, BeginCacheForCookedPlatformData=0.002403, SerializeImports=20.572968, GatherLocalizableTextData=15.676558, MarkNames=0.090439, SerializeSummary=0.012919, SerializeNames=0.381593, SerializeGatherableTextData=0.151739, BuildExportMap=0.241272, SortExportsNonSeekfree=6.156266, SortExportsSeekfreeConstructor=0.045672, SortExportsSeekfreeInner=22.525702, SortExportsSeekfree=0.004206, BuildDependencyMap=0.167962, SerializeImportMap=0.020429, SerializeExportMap=0.151437, SerializeDependencyMap=0.019830, SerializeStringAssetReferenceMap=0.002101, SaveThumbNailsAssetRegistryDataWorldLevelInfo=2.991751, SerializeExports=30.260918, SerializeBulkData=0.009317, MoveFile=3.207184, UnaccountedTime=1.411293, RunGuid=RunIDD6F320874B2BC125CCF0B6817B81B61F
SavePackageTransactionIdF6430D0F445124A32CEBCF9458D718E5_39, Filename=../../../../../../Users/user/Documents/Unreal Projects/MyProject4 4.11/Saved/Autosaves/Game/FirstPersonBP/Maps/FirstPersonExampleMap_Auto1.umap, AutoPackageBackupDelegate=19.519228, FlushAsyncLoading=0.016525, FlushStreamingFunc=0.118382, BlockTillAllRequestsFinished=0.006009, ResetLoadersForSaveUnMarkAllObjects=57.598598, TagPackageExports=2.215039, BeginCacheForCookedPlatformData=0.001505, SerializeImports=3.715873, GatherLocalizableTextData=21.984558, MarkNames=0.079323, SerializeSummary=0.013221, SerializeNames=0.441685, SerializeGatherableTextData=0.027344, BuildExportMap=0.450399, SortExportsNonSeekfree=0.999354, SortExportsSeekfreeConstructor=0.042666, SortExportsSeekfreeInner=19.016548, SortExportsSeekfree=0.003006, BuildDependencyMap=0.120487, SerializeImportMap=0.051077, SerializeExportMap=0.050478, SerializeDependencyMap=0.012618, SerializeStringAssetReferenceMap=0.001505, SaveThumbNailsAssetRegistryDataWorldLevelInfo=1.299217, SerializeExports=14.773656, SerializeBulkData=1049.760864, MoveFile=2.220150, UnaccountedTime=0.257801, RunGuid=RunIDD6F320874B2BC125CCF0B6817B81B61F
SavePackageTransactionIdF6430D0F445124A32CEBCF9458D718E5_40, Filename=../../../../../../Users/user/Documents/Unreal Projects/MyProject4 4.11/Content/FirstPersonBP/Blueprints/MyAddContent/MyPawn/Storage/Items/Equipeble/Weapons/Weapon.uasset, AutoPackageBackupDelegate=5.422827, FlushAsyncLoading=0.005107, FlushStreamingFunc=0.124093, BlockTillAllRequestsFinished=0.005409, ResetLoadersForSaveUnMarkAllObjects=0.182085, TagPackageExports=20.525494, BeginCacheForCookedPlatformData=0.003606, SerializeImports=21.645031, GatherLocalizableTextData=15.649215, MarkNames=0.087738, SerializeSummary=0.013821, SerializeNames=0.367772, SerializeGatherableTextData=0.137612, BuildExportMap=0.245783, SortExportsNonSeekfree=6.071534, SortExportsSeekfreeConstructor=0.042964, SortExportsSeekfreeInner=22.866432, SortExportsSeekfree=0.004206, BuildDependencyMap=0.167359, SerializeImportMap=0.019528, SerializeExportMap=0.100959, SerializeDependencyMap=0.019532, SerializeStringAssetReferenceMap=0.001803, SaveThumbNailsAssetRegistryDataWorldLevelInfo=3.195163, SerializeExports=29.523275, SerializeBulkData=0.009615, MoveFile=3.132064, UnaccountedTime=1.687422, RunGuid=RunIDD6F320874B2BC125CCF0B6817B81B61F
SavePackageTransactionIdF6430D0F445124A32CEBCF9458D718E5_41, Filename=../../../../../../Users/user/Documents/Unreal Projects/MyProject4 4.11/Content/FirstPersonBP/Maps/FirstPersonExampleMap.umap, AutoPackageBackupDelegate=17.032866, FlushAsyncLoading=0.023738, FlushStreamingFunc=0.132207, BlockTillAllRequestsFinished=0.005107, ResetLoadersForSaveUnMarkAllObjects=55.928902, TagPackageExports=2.065409, BeginCacheForCookedPlatformData=0.001803, SerializeImports=3.598992, GatherLocalizableTextData=21.801874, MarkNames=0.077520, SerializeSummary=0.011120, SerializeNames=0.490963, SerializeGatherableTextData=0.026740, BuildExportMap=0.393312, SortExportsNonSeekfree=0.984028, SortExportsSeekfreeConstructor=0.041462, SortExportsSeekfreeInner=18.865715, SortExportsSeekfree=0.003606, BuildDependencyMap=0.115078, SerializeImportMap=0.050176, SerializeExportMap=0.050478, SerializeDependencyMap=0.012018, SerializeStringAssetReferenceMap=0.001501, SaveThumbNailsAssetRegistryDataWorldLevelInfo=1.408890, SerializeExports=13.787825, SerializeBulkData=1031.095947, MoveFile=4.120603, UnaccountedTime=1.284495, RunGuid=RunIDD6F320874B2BC125CCF0B6817B81B61F
SavePackageTransactionIdF6430D0F445124A32CEBCF9458D718E5_42, Filename=../../../../../../Users/user/Documents/Unreal Projects/MyProject4 4.11/Content/FirstPersonBP/Blueprints/MyAddContent/MyPawn/Storage/Items/Equipeble/Weapons/Weapon.uasset, AutoPackageBackupDelegate=3.128763, FlushAsyncLoading=0.002705, FlushStreamingFunc=0.072714, BlockTillAllRequestsFinished=0.003904, ResetLoadersForSaveUnMarkAllObjects=0.137012, TagPackageExports=19.813988, BeginCacheForCookedPlatformData=0.003003, SerializeImports=20.523991, GatherLocalizableTextData=15.759487, MarkNames=0.086837, SerializeSummary=0.013221, SerializeNames=0.369571, SerializeGatherableTextData=0.138517, BuildExportMap=0.246983, SortExportsNonSeekfree=5.648777, SortExportsSeekfreeConstructor=0.040863, SortExportsSeekfreeInner=22.074699, SortExportsSeekfree=0.004508, BuildDependencyMap=0.175472, SerializeImportMap=0.019230, SerializeExportMap=0.101857, SerializeDependencyMap=0.020731, SerializeStringAssetReferenceMap=0.001803, SaveThumbNailsAssetRegistryDataWorldLevelInfo=2.994154, SerializeExports=29.974274, SerializeBulkData=0.008713, MoveFile=2.890792, UnaccountedTime=1.748417, RunGuid=RunIDD6F320874B2BC125CCF0B6817B81B61F
SavePackageTransactionIdF6430D0F445124A32CEBCF9458D718E5_43, Filename=../../../../../../Users/user/Documents/Unreal Projects/MyProject4 4.11/Content/FirstPersonBP/Blueprints/MyAddContent/MyPawn/Storage/Items/Equipeble/Weapons/Weapon.uasset, AutoPackageBackupDelegate=3.059655, FlushAsyncLoading=0.002705, FlushStreamingFunc=0.073913, BlockTillAllRequestsFinished=0.003606, ResetLoadersForSaveUnMarkAllObjects=0.142120, TagPackageExports=19.062820, BeginCacheForCookedPlatformData=0.003304, SerializeImports=21.722853, GatherLocalizableTextData=15.913326, MarkNames=0.089839, SerializeSummary=0.011720, SerializeNames=0.316992, SerializeGatherableTextData=0.140917, BuildExportMap=0.308279, SortExportsNonSeekfree=5.504854, SortExportsSeekfreeConstructor=0.039663, SortExportsSeekfreeInner=21.913048, SortExportsSeekfree=0.004206, BuildDependencyMap=0.170965, SerializeImportMap=0.019532, SerializeExportMap=0.161350, SerializeDependencyMap=0.020433, SerializeStringAssetReferenceMap=0.001803, SaveThumbNailsAssetRegistryDataWorldLevelInfo=2.998959, SerializeExports=30.016340, SerializeBulkData=0.008110, MoveFile=2.518214, UnaccountedTime=1.750220, RunGuid=RunIDD6F320874B2BC125CCF0B6817B81B61F
SavePackageTransactionIdF6430D0F445124A32CEBCF9458D718E5_44, Filename=../../../../../../Users/user/Documents/Unreal Projects/MyProject4 4.11/Content/FirstPersonBP/Maps/FirstPersonExampleMap.umap, AutoPackageBackupDelegate=3.176536, FlushAsyncLoading=0.003006, FlushStreamingFunc=0.118982, BlockTillAllRequestsFinished=0.003908, ResetLoadersForSaveUnMarkAllObjects=55.710762, TagPackageExports=2.085239, BeginCacheForCookedPlatformData=0.001501, SerializeImports=3.587876, GatherLocalizableTextData=21.689802, MarkNames=0.079323, SerializeSummary=0.011116, SerializeNames=0.485554, SerializeGatherableTextData=0.027042, BuildExportMap=0.391811, SortExportsNonSeekfree=0.987634, SortExportsSeekfreeConstructor=0.040263, SortExportsSeekfreeInner=18.674616, SortExportsSeekfree=0.003304, BuildDependencyMap=0.115979, SerializeImportMap=0.057690, SerializeExportMap=0.050779, SerializeDependencyMap=0.012316, SerializeStringAssetReferenceMap=0.001505, SaveThumbNailsAssetRegistryDataWorldLevelInfo=1.358710, SerializeExports=13.638191, SerializeBulkData=1027.414307, MoveFile=4.214048, UnaccountedTime=1.287199, RunGuid=RunIDD6F320874B2BC125CCF0B6817B81B61F
SavePackageTransactionIdF6430D0F445124A32CEBCF9458D718E5_45, Filename=../../../../../../Users/user/Documents/Unreal Projects/MyProject4 4.11/Content/FirstPersonBP/Blueprints/MyAddContent/MyPawn/Storage/Items/StorageItem.uasset, AutoPackageBackupDelegate=4.621480, FlushAsyncLoading=0.006311, FlushStreamingFunc=0.118684, BlockTillAllRequestsFinished=0.004508, ResetLoadersForSaveUnMarkAllObjects=0.176676, TagPackageExports=17.081242, BeginCacheForCookedPlatformData=0.005405, SerializeImports=17.948389, GatherLocalizableTextData=13.302572, MarkNames=0.086531, SerializeSummary=0.012022, SerializeNames=0.314288, SerializeGatherableTextData=0.104863, BuildExportMap=0.250887, SortExportsNonSeekfree=3.845677, SortExportsSeekfreeConstructor=0.046872, SortExportsSeekfreeInner=16.727894, SortExportsSeekfree=0.004206, BuildDependencyMap=0.143323, SerializeImportMap=0.017725, SerializeExportMap=0.091944, SerializeDependencyMap=0.018626, SerializeStringAssetReferenceMap=0.001803, SaveThumbNailsAssetRegistryDataWorldLevelInfo=2.632391, SerializeExports=24.209820, SerializeBulkData=0.009615, MoveFile=2.377294, UnaccountedTime=1.787476, RunGuid=RunIDD6F320874B2BC125CCF0B6817B81B61F
SavePackageTransactionIdF6430D0F445124A32CEBCF9458D718E5_46, Filename=../../../../../../Users/user/Documents/Unreal Projects/MyProject4 4.11/Content/FirstPersonBP/Blueprints/MyAddContent/MyPawn/Storage/Items/StorageItem.uasset, AutoPackageBackupDelegate=3.119748, FlushAsyncLoading=0.003304, FlushStreamingFunc=0.093445, BlockTillAllRequestsFinished=0.003304, ResetLoadersForSaveUnMarkAllObjects=0.138815, TagPackageExports=16.249851, BeginCacheForCookedPlatformData=0.003304, SerializeImports=18.067673, GatherLocalizableTextData=13.236466, MarkNames=0.116281, SerializeSummary=0.012320, SerializeNames=0.303771, SerializeGatherableTextData=0.105463, BuildExportMap=0.285745, SortExportsNonSeekfree=3.695142, SortExportsSeekfreeConstructor=0.042967, SortExportsSeekfreeInner=16.868811, SortExportsSeekfree=0.003606, BuildDependencyMap=0.143923, SerializeImportMap=0.017129, SerializeExportMap=0.090439, SerializeDependencyMap=0.018328, SerializeStringAssetReferenceMap=0.001501, SaveThumbNailsAssetRegistryDataWorldLevelInfo=2.448205, SerializeExports=24.156935, SerializeBulkData=0.009913, MoveFile=2.868559, UnaccountedTime=1.732189, RunGuid=RunIDD6F320874B2BC125CCF0B6817B81B61F
SavePackageTransactionIdF6430D0F445124A32CEBCF9458D718E5_47, Filename=../../../../../../Users/user/Documents/Unreal Projects/MyProject4 4.11/Content/FirstPersonBP/Blueprints/MyAddContent/MyPawn/Storage/Items/StorageItem.uasset, AutoPackageBackupDelegate=3.280800, FlushAsyncLoading=0.003606, FlushStreamingFunc=0.097953, BlockTillAllRequestsFinished=0.003904, ResetLoadersForSaveUnMarkAllObjects=0.144225, TagPackageExports=16.535892, BeginCacheForCookedPlatformData=0.003006, SerializeImports=17.578211, GatherLocalizableTextData=12.945316, MarkNames=0.076316, SerializeSummary=0.011120, SerializeNames=0.338625, SerializeGatherableTextData=0.116881, BuildExportMap=0.206120, SortExportsNonSeekfree=3.746822, SortExportsSeekfreeConstructor=0.038460, SortExportsSeekfreeInner=16.772058, SortExportsSeekfree=0.003908, BuildDependencyMap=0.138815, SerializeImportMap=0.039063, SerializeExportMap=0.117179, SerializeDependencyMap=0.017725, SerializeStringAssetReferenceMap=0.001505, SaveThumbNailsAssetRegistryDataWorldLevelInfo=2.499584, SerializeExports=24.012409, SerializeBulkData=0.007510, MoveFile=2.757385, UnaccountedTime=0.329912, RunGuid=RunIDD6F320874B2BC125CCF0B6817B81B61F
SavePackageTransactionIdF6430D0F445124A32CEBCF9458D718E5_48, Filename=../../../../../../Users/user/Documents/Unreal Projects/MyProject4 4.11/Content/FirstPersonBP/Blueprints/MyAddContent/MyPawn/Storage/Items/Equipeble/Weapons/WeaponKremenPistol_2.uasset, AutoPackageBackupDelegate=5.823951, FlushAsyncLoading=0.008110, FlushStreamingFunc=0.074517, BlockTillAllRequestsFinished=0.005707, ResetLoadersForSaveUnMarkAllObjects=0.272524, TagPackageExports=5.994312, BeginCacheForCookedPlatformData=0.004206, SerializeImports=6.644525, GatherLocalizableTextData=5.330883, MarkNames=0.058293, SerializeSummary=0.024635, SerializeNames=0.248186, SerializeGatherableTextData=0.065502, BuildExportMap=0.158347, SortExportsNonSeekfree=1.101512, SortExportsSeekfreeConstructor=0.008713, SortExportsSeekfreeInner=9.139299, SortExportsSeekfree=0.004809, BuildDependencyMap=0.060391, SerializeImportMap=0.013221, SerializeExportMap=0.031248, SerializeDependencyMap=0.006609, SerializeStringAssetReferenceMap=0.001203, SaveThumbNailsAssetRegistryDataWorldLevelInfo=5.836867, SerializeExports=8.291986, SerializeBulkData=0.007510, MoveFile=1.346994, UnaccountedTime=1.327462, RunGuid=RunIDD6F320874B2BC125CCF0B6817B81B61F
SavePackageTransactionIdF6430D0F445124A32CEBCF9458D718E5_49, Filename=../../../../../../Users/user/Documents/Unreal Projects/MyProject4 4.11/Content/FirstPersonBP/Blueprints/MyAddContent/MyPawn/Storage/Items/Equipeble/Weapons/Weapon.uasset, AutoPackageBackupDelegate=23.339064, FlushAsyncLoading=0.023138, FlushStreamingFunc=0.138815, BlockTillAllRequestsFinished=0.016525, ResetLoadersForSaveUnMarkAllObjects=0.262309, TagPackageExports=20.038437, BeginCacheForCookedPlatformData=0.003003, SerializeImports=21.127630, GatherLocalizableTextData=15.666943, MarkNames=0.155039, SerializeSummary=0.013221, SerializeNames=0.319999, SerializeGatherableTextData=0.143923, BuildExportMap=0.252392, SortExportsNonSeekfree=6.264433, SortExportsSeekfreeConstructor=0.042066, SortExportsSeekfreeInner=23.994081, SortExportsSeekfree=0.005107, BuildDependencyMap=0.171870, SerializeImportMap=0.018630, SerializeExportMap=0.100955, SerializeDependencyMap=0.019532, SerializeStringAssetReferenceMap=0.001803, SaveThumbNailsAssetRegistryDataWorldLevelInfo=3.104422, SerializeExports=27.638145, SerializeBulkData=0.008713, MoveFile=3.276590, UnaccountedTime=1.791988, RunGuid=RunIDD6F320874B2BC125CCF0B6817B81B61F
SavePackageTransactionIdF6430D0F445124A32CEBCF9458D718E5_50, Filename=../../../../../../Users/user/Documents/Unreal Projects/MyProject4 4.11/Content/FirstPersonBP/Blueprints/MyAddContent/MyPawn/Storage/Items/Equipeble/Weapons/WeaponKremenPistol_2.uasset, AutoPackageBackupDelegate=3.279299, FlushAsyncLoading=0.003003, FlushStreamingFunc=0.073615, BlockTillAllRequestsFinished=0.015024, ResetLoadersForSaveUnMarkAllObjects=0.146627, TagPackageExports=4.929461, BeginCacheForCookedPlatformData=0.001501, SerializeImports=5.945038, GatherLocalizableTextData=4.890699, MarkNames=0.034556, SerializeSummary=0.009313, SerializeNames=0.204016, SerializeGatherableTextData=0.059493, BuildExportMap=0.146929, SortExportsNonSeekfree=1.096703, SortExportsSeekfreeConstructor=0.038762, SortExportsSeekfreeInner=8.166991, SortExportsSeekfree=0.002701, BuildDependencyMap=0.051983, SerializeImportMap=0.012618, SerializeExportMap=0.030648, SerializeDependencyMap=0.006609, SerializeStringAssetReferenceMap=0.001505, SaveThumbNailsAssetRegistryDataWorldLevelInfo=5.340498, SerializeExports=7.556438, SerializeBulkData=0.004809, MoveFile=2.309989, UnaccountedTime=1.619518, RunGuid=RunIDD6F320874B2BC125CCF0B6817B81B61F
SavePackageTransactionIdF6430D0F445124A32CEBCF9458D718E5_51, Filename=../../../../../../Users/user/Documents/Unreal Projects/MyProject4 4.11/Content/FirstPersonBP/Maps/FirstPersonExampleMap.umap, AutoPackageBackupDelegate=17.029562, FlushAsyncLoading=0.011418, FlushStreamingFunc=0.111472, BlockTillAllRequestsFinished=0.016827, ResetLoadersForSaveUnMarkAllObjects=57.391876, TagPackageExports=2.168771, BeginCacheForCookedPlatformData=0.002403, SerializeImports=3.679518, GatherLocalizableTextData=21.906736, MarkNames=0.079624, SerializeSummary=0.010215, SerializeNames=0.428166, SerializeGatherableTextData=0.026744, BuildExportMap=0.452202, SortExportsNonSeekfree=0.992741, SortExportsSeekfreeConstructor=0.039663, SortExportsSeekfreeInner=18.750332, SortExportsSeekfree=0.002705, BuildDependencyMap=0.169162, SerializeImportMap=0.054084, SerializeExportMap=0.050180, SerializeDependencyMap=0.012621, SerializeStringAssetReferenceMap=0.001501, SaveThumbNailsAssetRegistryDataWorldLevelInfo=1.295012, SerializeExports=13.920032, SerializeBulkData=1029.501953, MoveFile=4.064116, UnaccountedTime=1.260158, RunGuid=RunIDD6F320874B2BC125CCF0B6817B81B61F
SavePackageTransactionIdF6430D0F445124A32CEBCF9458D718E5_52, Filename=../../../../../../Users/user/Documents/Unreal Projects/MyProject4 4.11/Content/FirstPersonBP/Blueprints/MyAddContent/MyPawn/Storage/Items/Equipeble/Weapons/Weapon.uasset, AutoPackageBackupDelegate=5.849488, FlushAsyncLoading=0.008114, FlushStreamingFunc=0.084732, BlockTillAllRequestsFinished=0.008114, ResetLoadersForSaveUnMarkAllObjects=0.197407, TagPackageExports=20.371954, BeginCacheForCookedPlatformData=0.003304, SerializeImports=21.487888, GatherLocalizableTextData=16.030807, MarkNames=0.121992, SerializeSummary=0.026438, SerializeNames=0.331718, SerializeGatherableTextData=0.143021, BuildExportMap=0.247285, SortExportsNonSeekfree=6.135832, SortExportsSeekfreeConstructor=0.041764, SortExportsSeekfreeInner=22.545834, SortExportsSeekfree=0.003904, BuildDependencyMap=0.177275, SerializeImportMap=0.020429, SerializeExportMap=0.104263, SerializeDependencyMap=0.023734, SerializeStringAssetReferenceMap=0.001505, SaveThumbNailsAssetRegistryDataWorldLevelInfo=3.211390, SerializeExports=30.044582, SerializeBulkData=0.011720, MoveFile=2.946377, UnaccountedTime=1.677506, RunGuid=RunIDD6F320874B2BC125CCF0B6817B81B61F
SavePackageTransactionIdF6430D0F445124A32CEBCF9458D718E5_53, Filename=../../../../../../Users/user/Documents/Unreal Projects/MyProject4 4.11/Content/FirstPersonBP/Maps/FirstPersonExampleMap.umap, AutoPackageBackupDelegate=16.342995, FlushAsyncLoading=0.012022, FlushStreamingFunc=0.187490, BlockTillAllRequestsFinished=0.004806, ResetLoadersForSaveUnMarkAllObjects=57.929413, TagPackageExports=2.527826, BeginCacheForCookedPlatformData=0.002705, SerializeImports=3.810823, GatherLocalizableTextData=21.635115, MarkNames=0.116579, SerializeSummary=0.012320, SerializeNames=0.456411, SerializeGatherableTextData=0.027340, BuildExportMap=0.398722, SortExportsNonSeekfree=1.055241, SortExportsSeekfreeConstructor=0.098251, SortExportsSeekfreeInner=18.849791, SortExportsSeekfree=0.003003, BuildDependencyMap=0.163756, SerializeImportMap=0.050176, SerializeExportMap=0.050180, SerializeDependencyMap=0.012621, SerializeStringAssetReferenceMap=0.001501, SaveThumbNailsAssetRegistryDataWorldLevelInfo=1.329567, SerializeExports=13.670341, SerializeBulkData=1039.652954, MoveFile=3.818333, UnaccountedTime=1.408588, RunGuid=RunIDD6F320874B2BC125CCF0B6817B81B61F
SavePackageTransactionIdF6430D0F445124A32CEBCF9458D718E5_54, Filename=../../../../../../Users/user/Documents/Unreal Projects/MyProject4 4.11/Content/FirstPersonBP/Blueprints/MyAddContent/MyPawn/Storage/Items/Equipeble/Weapons/Weapon.uasset, AutoPackageBackupDelegate=3.277793, FlushAsyncLoading=0.003304, FlushStreamingFunc=0.049278, BlockTillAllRequestsFinished=0.004806, ResetLoadersForSaveUnMarkAllObjects=0.146028, TagPackageExports=20.780586, BeginCacheForCookedPlatformData=0.003908, SerializeImports=21.888409, GatherLocalizableTextData=16.290712, MarkNames=0.094045, SerializeSummary=0.011720, SerializeNames=0.341929, SerializeGatherableTextData=0.157148, BuildExportMap=0.258699, SortExportsNonSeekfree=6.469354, SortExportsSeekfreeConstructor=0.080224, SortExportsSeekfreeInner=22.366453, SortExportsSeekfree=0.004508, BuildDependencyMap=0.168260, SerializeImportMap=0.020731, SerializeExportMap=0.146329, SerializeDependencyMap=0.023436, SerializeStringAssetReferenceMap=0.001803, SaveThumbNailsAssetRegistryDataWorldLevelInfo=3.320761, SerializeExports=30.559584, SerializeBulkData=0.008412, MoveFile=2.373088, UnaccountedTime=1.438633, RunGuid=RunIDD6F320874B2BC125CCF0B6817B81B61F
SavePackageTransactionIdF6430D0F445124A32CEBCF9458D718E5_55, Filename=../../../../../../Users/user/Documents/Unreal Projects/MyProject4 4.11/Content/FirstPersonBP/Blueprints/MyAddContent/MyPawn/Storage/Items/Equipeble/Weapons/Weapon.uasset, AutoPackageBackupDelegate=3.129363, FlushAsyncLoading=0.002705, FlushStreamingFunc=0.101857, BlockTillAllRequestsFinished=0.003006, ResetLoadersForSaveUnMarkAllObjects=0.134908, TagPackageExports=19.557386, BeginCacheForCookedPlatformData=0.003006, SerializeImports=21.859564, GatherLocalizableTextData=16.062960, MarkNames=0.088640, SerializeSummary=0.013217, SerializeNames=0.362966, SerializeGatherableTextData=0.225350, BuildExportMap=0.258099, SortExportsNonSeekfree=6.266236, SortExportsSeekfreeConstructor=0.042368, SortExportsSeekfreeInner=22.451483, SortExportsSeekfree=0.004809, BuildDependencyMap=0.185687, SerializeImportMap=0.021033, SerializeExportMap=0.106066, SerializeDependencyMap=0.022836, SerializeStringAssetReferenceMap=0.001501, SaveThumbNailsAssetRegistryDataWorldLevelInfo=3.059056, SerializeExports=30.243792, SerializeBulkData=0.009615, MoveFile=2.191603, UnaccountedTime=1.731589, RunGuid=RunIDD6F320874B2BC125CCF0B6817B81B61F
SavePackageTransactionIdF6430D0F445124A32CEBCF9458D718E5_56, Filename=../../../../../../Users/user/Documents/Unreal Projects/MyProject4 4.11/Content/FirstPersonBP/Maps/FirstPersonExampleMap.umap, AutoPackageBackupDelegate=3.325269, FlushAsyncLoading=0.003003, FlushStreamingFunc=0.070009, BlockTillAllRequestsFinished=0.003606, ResetLoadersForSaveUnMarkAllObjects=59.279709, TagPackageExports=2.070818, BeginCacheForCookedPlatformData=0.001505, SerializeImports=3.675610, GatherLocalizableTextData=21.766420, MarkNames=0.073012, SerializeSummary=0.011418, SerializeNames=0.526421, SerializeGatherableTextData=0.039060, BuildExportMap=0.389103, SortExportsNonSeekfree=0.981025, SortExportsSeekfreeConstructor=0.040565, SortExportsSeekfreeInner=18.499743, SortExportsSeekfree=0.003606, BuildDependencyMap=0.113878, SerializeImportMap=0.051081, SerializeExportMap=0.050176, SerializeDependencyMap=0.012320, SerializeStringAssetReferenceMap=0.001505, SaveThumbNailsAssetRegistryDataWorldLevelInfo=1.323253, SerializeExports=13.843712, SerializeBulkData=1009.609558, MoveFile=3.808718, UnaccountedTime=1.290504, RunGuid=RunIDD6F320874B2BC125CCF0B6817B81B61F
SavePackageTransactionIdF6430D0F445124A32CEBCF9458D718E5_57, Filename=../../../../../../Users/user/Documents/Unreal Projects/MyProject4 4.11/Content/FirstPersonBP/Blueprints/MyAddContent/MyPawn/Storage/Items/Equipeble/Weapons/Weapon.uasset, AutoPackageBackupDelegate=3.304835, FlushAsyncLoading=0.004210, FlushStreamingFunc=0.073314, BlockTillAllRequestsFinished=0.002701, ResetLoadersForSaveUnMarkAllObjects=0.142422, TagPackageExports=20.731312, BeginCacheForCookedPlatformData=0.003003, SerializeImports=21.266144, GatherLocalizableTextData=16.241137, MarkNames=0.096150, SerializeSummary=0.010516, SerializeNames=0.342231, SerializeGatherableTextData=0.143021, BuildExportMap=0.256300, SortExportsNonSeekfree=6.355773, SortExportsSeekfreeConstructor=0.040863, SortExportsSeekfreeInner=23.191538, SortExportsSeekfree=0.004806, BuildDependencyMap=0.182085, SerializeImportMap=0.018932, SerializeExportMap=0.102758, SerializeDependencyMap=0.024639, SerializeStringAssetReferenceMap=0.001501, SaveThumbNailsAssetRegistryDataWorldLevelInfo=3.308441, SerializeExports=29.363125, SerializeBulkData=0.009011, MoveFile=2.673853, UnaccountedTime=1.834352, RunGuid=RunIDD6F320874B2BC125CCF0B6817B81B61F
SavePackageTransactionIdF6430D0F445124A32CEBCF9458D718E5_58, Filename=../../../../../../Users/user/Documents/Unreal Projects/MyProject4 4.11/Content/FirstPersonBP/Blueprints/MyAddContent/MyPawn/Storage/Items/Equipeble/Weapons/Weapon.uasset, AutoPackageBackupDelegate=3.240235, FlushAsyncLoading=0.002403, FlushStreamingFunc=0.048075, BlockTillAllRequestsFinished=0.003606, ResetLoadersForSaveUnMarkAllObjects=0.142723, TagPackageExports=19.114502, BeginCacheForCookedPlatformData=0.003304, SerializeImports=21.323532, GatherLocalizableTextData=16.062960, MarkNames=0.089537, SerializeSummary=0.011116, SerializeNames=0.330515, SerializeGatherableTextData=0.151135, BuildExportMap=0.261407, SortExportsNonSeekfree=6.135531, SortExportsSeekfreeConstructor=0.039063, SortExportsSeekfreeInner=23.073751, SortExportsSeekfree=0.003904, BuildDependencyMap=0.171568, SerializeImportMap=0.021335, SerializeExportMap=0.106666, SerializeDependencyMap=0.022538, SerializeStringAssetReferenceMap=0.001803, SaveThumbNailsAssetRegistryDataWorldLevelInfo=3.080685, SerializeExports=30.550272, SerializeBulkData=0.008110, MoveFile=1.552511, UnaccountedTime=1.364119, RunGuid=RunIDD6F320874B2BC125CCF0B6817B81B61F
SavePackageTransactionIdF6430D0F445124A32CEBCF9458D718E5_59, Filename=../../../../../../Users/user/Documents/Unreal Projects/MyProject4 4.11/Content/FirstPersonBP/Blueprints/MyAddContent/MyPawn/Storage/Items/Equipeble/Weapons/Weapon.uasset, AutoPackageBackupDelegate=3.230918, FlushAsyncLoading=0.003308, FlushStreamingFunc=0.102457, BlockTillAllRequestsFinished=0.003606, ResetLoadersForSaveUnMarkAllObjects=0.168264, TagPackageExports=19.795958, BeginCacheForCookedPlatformData=0.003606, SerializeImports=21.549185, GatherLocalizableTextData=16.225513, MarkNames=0.087433, SerializeSummary=0.013221, SerializeNames=0.350647, SerializeGatherableTextData=0.138514, BuildExportMap=0.252094, SortExportsNonSeekfree=6.213952, SortExportsSeekfreeConstructor=0.041466, SortExportsSeekfreeInner=23.375719, SortExportsSeekfree=0.005107, BuildDependencyMap=0.181485, SerializeImportMap=0.020131, SerializeExportMap=0.102762, SerializeDependencyMap=0.023134, SerializeStringAssetReferenceMap=0.002105, SaveThumbNailsAssetRegistryDataWorldLevelInfo=3.239933, SerializeExports=30.590233, SerializeBulkData=0.009913, MoveFile=2.950884, UnaccountedTime=1.623120, RunGuid=RunIDD6F320874B2BC125CCF0B6817B81B61F
SavePackageTransactionIdF6430D0F445124A32CEBCF9458D718E5_60, Filename=../../../../../../Users/user/Documents/Unreal Projects/MyProject4 4.11/Content/FirstPersonBP/Maps/FirstPersonExampleMap.umap, AutoPackageBackupDelegate=3.248349, FlushAsyncLoading=0.002701, FlushStreamingFunc=0.172168, BlockTillAllRequestsFinished=0.003606, ResetLoadersForSaveUnMarkAllObjects=57.731102, TagPackageExports=2.071716, BeginCacheForCookedPlatformData=0.001803, SerializeImports=3.751330, GatherLocalizableTextData=21.437410, MarkNames=0.073314, SerializeSummary=0.010215, SerializeNames=0.460617, SerializeGatherableTextData=0.026140, BuildExportMap=0.393912, SortExportsNonSeekfree=0.979222, SortExportsSeekfreeConstructor=0.040259, SortExportsSeekfreeInner=18.608816, SortExportsSeekfree=0.003606, BuildDependencyMap=0.114776, SerializeImportMap=0.051979, SerializeExportMap=0.050478, SerializeDependencyMap=0.012018, SerializeStringAssetReferenceMap=0.001505, SaveThumbNailsAssetRegistryDataWorldLevelInfo=1.329564, SerializeExports=13.635487, SerializeBulkData=1040.905518, MoveFile=4.109789, UnaccountedTime=1.258954, RunGuid=RunIDD6F320874B2BC125CCF0B6817B81B61F
SavePackageTransactionIdF6430D0F445124A32CEBCF9458D718E5_61, Filename=../../../../../../Users/user/Documents/Unreal Projects/MyProject4 4.11/Content/FirstPersonBP/Blueprints/MyAddContent/MyPawn/Storage/Items/Equipeble/Weapons/Weapon.uasset, AutoPackageBackupDelegate=4.482362, FlushAsyncLoading=0.003908, FlushStreamingFunc=0.140317, BlockTillAllRequestsFinished=0.004508, ResetLoadersForSaveUnMarkAllObjects=0.211529, TagPackageExports=20.241249, BeginCacheForCookedPlatformData=0.003908, SerializeImports=21.197338, GatherLocalizableTextData=16.062357, MarkNames=0.088938, SerializeSummary=0.012621, SerializeNames=0.391807, SerializeGatherableTextData=0.140920, BuildExportMap=0.250887, SortExportsNonSeekfree=6.008737, SortExportsSeekfreeConstructor=0.039663, SortExportsSeekfreeInner=22.822861, SortExportsSeekfree=0.004508, BuildDependencyMap=0.171266, SerializeImportMap=0.019830, SerializeExportMap=0.103660, SerializeDependencyMap=0.022534, SerializeStringAssetReferenceMap=0.002105, SaveThumbNailsAssetRegistryDataWorldLevelInfo=9.656705, SerializeExports=29.776863, SerializeBulkData=0.007816, MoveFile=3.200874, UnaccountedTime=1.711160, RunGuid=RunIDD6F320874B2BC125CCF0B6817B81B61F
SavePackageTransactionIdF6430D0F445124A32CEBCF9458D718E5_62, Filename=../../../../../../Users/user/Documents/Unreal Projects/MyProject4 4.11/Content/FirstPersonBP/Maps/FirstPersonExampleMap.umap, AutoPackageBackupDelegate=16.796999, FlushAsyncLoading=0.011720, FlushStreamingFunc=0.145126, BlockTillAllRequestsFinished=0.004504, ResetLoadersForSaveUnMarkAllObjects=57.269588, TagPackageExports=2.059400, BeginCacheForCookedPlatformData=0.001501, SerializeImports=3.615219, GatherLocalizableTextData=21.064230, MarkNames=0.069708, SerializeSummary=0.011116, SerializeNames=0.449501, SerializeGatherableTextData=0.051379, BuildExportMap=0.377085, SortExportsNonSeekfree=1.099408, SortExportsSeekfreeConstructor=0.039063, SortExportsSeekfreeInner=18.317360, SortExportsSeekfree=0.003606, BuildDependencyMap=0.158343, SerializeImportMap=0.050779, SerializeExportMap=0.049878, SerializeDependencyMap=0.012018, SerializeStringAssetReferenceMap=0.001505, SaveThumbNailsAssetRegistryDataWorldLevelInfo=1.283895, SerializeExports=13.685365, SerializeBulkData=1052.633423, MoveFile=4.105579, UnaccountedTime=1.264364, RunGuid=RunIDD6F320874B2BC125CCF0B6817B81B61F
SavePackageTransactionIdF6430D0F445124A32CEBCF9458D718E5_63, Filename=../../../../../../Users/user/Documents/Unreal Projects/MyProject4 4.11/Content/FirstPersonBP/Blueprints/MyAddContent/MyPawn/Storage/Items/Equipeble/Weapons/Weapon.uasset, AutoPackageBackupDelegate=3.272686, FlushAsyncLoading=0.002403, FlushStreamingFunc=0.045672, BlockTillAllRequestsFinished=0.003606, ResetLoadersForSaveUnMarkAllObjects=0.138514, TagPackageExports=19.811283, BeginCacheForCookedPlatformData=0.003003, SerializeImports=20.855705, GatherLocalizableTextData=16.048237, MarkNames=0.087433, SerializeSummary=0.012621, SerializeNames=0.339527, SerializeGatherableTextData=0.135813, BuildExportMap=0.296261, SortExportsNonSeekfree=5.988002, SortExportsSeekfreeConstructor=0.041466, SortExportsSeekfreeInner=22.735725, SortExportsSeekfree=0.004508, BuildDependencyMap=0.226852, SerializeImportMap=0.019532, SerializeExportMap=0.103962, SerializeDependencyMap=0.022534, SerializeStringAssetReferenceMap=0.001803, SaveThumbNailsAssetRegistryDataWorldLevelInfo=3.296122, SerializeExports=30.234779, SerializeBulkData=0.009313, MoveFile=2.577402, UnaccountedTime=0.407133, RunGuid=RunIDD6F320874B2BC125CCF0B6817B81B61F
SavePackageTransactionIdF6430D0F445124A32CEBCF9458D718E5_64, Filename=../../../../../../Users/user/Documents/Unreal Projects/MyProject4 4.11/Content/FirstPersonBP/Blueprints/MyAddContent/MyPawn/Storage/Items/Equipeble/Weapons/Weapon.uasset, AutoPackageBackupDelegate=3.256459, FlushAsyncLoading=0.008114, FlushStreamingFunc=0.156242, BlockTillAllRequestsFinished=0.007510, ResetLoadersForSaveUnMarkAllObjects=0.216939, TagPackageExports=20.230133, BeginCacheForCookedPlatformData=0.003006, SerializeImports=21.487288, GatherLocalizableTextData=16.263969, MarkNames=0.109673, SerializeSummary=0.013821, SerializeNames=0.329912, SerializeGatherableTextData=0.143621, BuildExportMap=0.264414, SortExportsNonSeekfree=6.000925, SortExportsSeekfreeConstructor=0.041764, SortExportsSeekfreeInner=22.035938, SortExportsSeekfree=0.004206, BuildDependencyMap=0.203717, SerializeImportMap=0.020128, SerializeExportMap=0.102159, SerializeDependencyMap=0.021935, SerializeStringAssetReferenceMap=0.001803, SaveThumbNailsAssetRegistryDataWorldLevelInfo=2.938565, SerializeExports=28.925943, SerializeBulkData=0.008717, MoveFile=2.990849, UnaccountedTime=1.718972, RunGuid=RunIDD6F320874B2BC125CCF0B6817B81B61F
SavePackageTransactionIdF6430D0F445124A32CEBCF9458D718E5_65, Filename=../../../../../../Users/user/Documents/Unreal Projects/MyProject4 4.11/Content/FirstPersonBP/Maps/FirstPersonExampleMap.umap, AutoPackageBackupDelegate=3.376946, FlushAsyncLoading=0.003304, FlushStreamingFunc=0.094946, BlockTillAllRequestsFinished=0.003606, ResetLoadersForSaveUnMarkAllObjects=60.535965, TagPackageExports=2.104171, BeginCacheForCookedPlatformData=0.001501, SerializeImports=3.714371, GatherLocalizableTextData=21.520037, MarkNames=0.073615, SerializeSummary=0.010516, SerializeNames=0.454906, SerializeGatherableTextData=0.026140, BuildExportMap=0.382494, SortExportsNonSeekfree=0.959091, SortExportsSeekfreeConstructor=0.040263, SortExportsSeekfreeInner=18.755741, SortExportsSeekfree=0.003606, BuildDependencyMap=0.112675, SerializeImportMap=0.051379, SerializeExportMap=0.050180, SerializeDependencyMap=0.013523, SerializeStringAssetReferenceMap=0.001501, SaveThumbNailsAssetRegistryDataWorldLevelInfo=1.283593, SerializeExports=13.374682, SerializeBulkData=1027.641479, MoveFile=4.155457, UnaccountedTime=1.342487, RunGuid=RunIDD6F320874B2BC125CCF0B6817B81B61F
SavePackageTransactionIdF6430D0F445124A32CEBCF9458D718E5_66, Filename=../../../../../../Users/user/Documents/Unreal Projects/MyProject4 4.11/Content/FirstPersonBP/Blueprints/MyAddContent/MyPawn/Storage/Items/Equipeble/Weapons/WeaponKremenPistol_2.uasset, AutoPackageBackupDelegate=4.029561, FlushAsyncLoading=0.003908, FlushStreamingFunc=0.165254, BlockTillAllRequestsFinished=0.003606, ResetLoadersForSaveUnMarkAllObjects=0.260204, TagPackageExports=5.043034, BeginCacheForCookedPlatformData=0.001505, SerializeImports=5.900268, GatherLocalizableTextData=4.928555, MarkNames=0.038460, SerializeSummary=0.009015, SerializeNames=0.237670, SerializeGatherableTextData=0.060394, BuildExportMap=0.149630, SortExportsNonSeekfree=1.068763, SortExportsSeekfreeConstructor=0.006307, SortExportsSeekfreeInner=8.136947, SortExportsSeekfree=0.002701, BuildDependencyMap=0.053186, SerializeImportMap=0.012018, SerializeExportMap=0.030346, SerializeDependencyMap=0.006910, SerializeStringAssetReferenceMap=0.001203, SaveThumbNailsAssetRegistryDataWorldLevelInfo=5.200181, SerializeExports=7.393886, SerializeBulkData=0.004809, MoveFile=2.460223, UnaccountedTime=1.292609, RunGuid=RunIDD6F320874B2BC125CCF0B6817B81B61F
SavePackageTransactionIdF6430D0F445124A32CEBCF9458D718E5_67, Filename=../../../../../../Users/user/Documents/Unreal Projects/MyProject4 4.11/Content/FirstPersonBP/Blueprints/MyAddContent/MyPawn/Storage/Items/Equipeble/Weapons/RangeWeapon.uasset, AutoPackageBackupDelegate=23.101694, FlushAsyncLoading=0.028845, FlushStreamingFunc=0.176676, BlockTillAllRequestsFinished=0.008114, ResetLoadersForSaveUnMarkAllObjects=0.178475, TagPackageExports=21.384224, BeginCacheForCookedPlatformData=0.022836, SerializeImports=23.608583, GatherLocalizableTextData=17.249804, MarkNames=0.104561, SerializeSummary=0.011716, SerializeNames=0.410140, SerializeGatherableTextData=0.130102, BuildExportMap=0.334419, SortExportsNonSeekfree=6.108191, SortExportsSeekfreeConstructor=0.007212, SortExportsSeekfreeInner=24.236557, SortExportsSeekfree=0.006013, BuildDependencyMap=0.199206, SerializeImportMap=0.024039, SerializeExportMap=0.119887, SerializeDependencyMap=0.024639, SerializeStringAssetReferenceMap=0.002105, SaveThumbNailsAssetRegistryDataWorldLevelInfo=3.501940, SerializeExports=31.133472, SerializeBulkData=0.008713, MoveFile=1.825936, UnaccountedTime=1.359310, RunGuid=RunIDD6F320874B2BC125CCF0B6817B81B61F
SavePackageTransactionIdF6430D0F445124A32CEBCF9458D718E5_68, Filename=../../../../../../Users/user/Documents/Unreal Projects/MyProject4 4.11/Content/FirstPersonBP/Blueprints/MyAddContent/MyPawn/Storage/Items/Equipeble/Weapons/WeaponKremenPistol_1.uasset, AutoPackageBackupDelegate=4.029561, FlushAsyncLoading=0.003904, FlushStreamingFunc=0.162855, BlockTillAllRequestsFinished=0.003606, ResetLoadersForSaveUnMarkAllObjects=0.139114, TagPackageExports=2.748068, BeginCacheForCookedPlatformData=0.001505, SerializeImports=3.705356, GatherLocalizableTextData=2.605949, MarkNames=0.019830, SerializeSummary=0.008114, SerializeNames=0.086233, SerializeGatherableTextData=0.106066, BuildExportMap=0.097051, SortExportsNonSeekfree=0.419453, SortExportsSeekfreeConstructor=0.006009, SortExportsSeekfreeInner=5.876530, SortExportsSeekfree=0.002705, BuildDependencyMap=0.029143, SerializeImportMap=0.007812, SerializeExportMap=0.016525, SerializeDependencyMap=0.003606, SerializeStringAssetReferenceMap=0.000902, SaveThumbNailsAssetRegistryDataWorldLevelInfo=4.393425, SerializeExports=3.994107, SerializeBulkData=0.003606, MoveFile=1.370128, UnaccountedTime=1.189850, RunGuid=RunIDD6F320874B2BC125CCF0B6817B81B61F
SavePackageTransactionIdF6430D0F445124A32CEBCF9458D718E5_69, Filename=../../../../../../Users/user/Documents/Unreal Projects/MyProject4 4.11/Content/FirstPersonBP/Blueprints/MyAddContent/MyPawn/Storage/Items/Equipeble/Weapons/Weapon.uasset, AutoPackageBackupDelegate=4.299678, FlushAsyncLoading=0.003006, FlushStreamingFunc=0.102758, BlockTillAllRequestsFinished=0.004206, ResetLoadersForSaveUnMarkAllObjects=0.144526, TagPackageExports=19.502703, BeginCacheForCookedPlatformData=0.003003, SerializeImports=23.306913, GatherLocalizableTextData=16.108330, MarkNames=0.088938, SerializeSummary=0.010818, SerializeNames=0.333820, SerializeGatherableTextData=0.157144, BuildExportMap=0.262305, SortExportsNonSeekfree=6.208848, SortExportsSeekfreeConstructor=0.039663, SortExportsSeekfreeInner=22.219221, SortExportsSeekfree=0.004206, BuildDependencyMap=0.221744, SerializeImportMap=0.019833, SerializeExportMap=0.106364, SerializeDependencyMap=0.022236, SerializeStringAssetReferenceMap=0.001803, SaveThumbNailsAssetRegistryDataWorldLevelInfo=3.065962, SerializeExports=29.095407, SerializeBulkData=0.007812, MoveFile=2.768803, UnaccountedTime=1.805205, RunGuid=RunIDD6F320874B2BC125CCF0B6817B81B61F
SavePackageTransactionIdF6430D0F445124A32CEBCF9458D718E5_70, Filename=../../../../../../Users/user/Documents/Unreal Projects/MyProject4 4.11/Content/FirstPersonBP/Blueprints/MyAddContent/MyPawn/Storage/Items/Equipeble/Weapons/Weapon.uasset, AutoPackageBackupDelegate=3.308140, FlushAsyncLoading=0.003308, FlushStreamingFunc=0.077218, BlockTillAllRequestsFinished=0.017129, ResetLoadersForSaveUnMarkAllObjects=0.176672, TagPackageExports=19.751190, BeginCacheForCookedPlatformData=0.003904, SerializeImports=23.058430, GatherLocalizableTextData=15.974622, MarkNames=0.086535, SerializeSummary=0.012320, SerializeNames=0.368673, SerializeGatherableTextData=0.134308, BuildExportMap=0.278533, SortExportsNonSeekfree=6.159268, SortExportsSeekfreeConstructor=0.042368, SortExportsSeekfreeInner=22.351429, SortExportsSeekfree=0.004206, BuildDependencyMap=0.169765, SerializeImportMap=0.018928, SerializeExportMap=0.114176, SerializeDependencyMap=0.021935, SerializeStringAssetReferenceMap=0.001803, SaveThumbNailsAssetRegistryDataWorldLevelInfo=3.065664, SerializeExports=28.249592, SerializeBulkData=0.006914, MoveFile=2.541348, UnaccountedTime=0.321802, RunGuid=RunIDD6F320874B2BC125CCF0B6817B81B61F
SavePackageTransactionIdF6430D0F445124A32CEBCF9458D718E5_71, Filename=../../../../../../Users/user/Documents/Unreal Projects/MyProject4 4.11/Content/FirstPersonBP/Blueprints/MyAddContent/MyPawn/Storage/Items/Equipeble/Weapons/Weapon.uasset, AutoPackageBackupDelegate=3.421415, FlushAsyncLoading=0.003006, FlushStreamingFunc=0.060394, BlockTillAllRequestsFinished=0.003304, ResetLoadersForSaveUnMarkAllObjects=0.145126, TagPackageExports=20.011694, BeginCacheForCookedPlatformData=0.003304, SerializeImports=20.897470, GatherLocalizableTextData=15.805159, MarkNames=0.075419, SerializeSummary=0.012018, SerializeNames=0.330813, SerializeGatherableTextData=0.154741, BuildExportMap=0.206422, SortExportsNonSeekfree=4.479658, SortExportsSeekfreeConstructor=0.062197, SortExportsSeekfreeInner=21.602966, SortExportsSeekfree=0.004210, BuildDependencyMap=0.161048, SerializeImportMap=0.015326, SerializeExportMap=0.094648, SerializeDependencyMap=0.051379, SerializeStringAssetReferenceMap=0.002105, SaveThumbNailsAssetRegistryDataWorldLevelInfo=2.752274, SerializeExports=28.060303, SerializeBulkData=0.008110, MoveFile=2.291359, UnaccountedTime=1.557320, RunGuid=RunIDD6F320874B2BC125CCF0B6817B81B61F
SavePackageTransactionIdF6430D0F445124A32CEBCF9458D718E5_72, Filename=../../../../../../Users/user/Documents/Unreal Projects/MyProject4 4.11/Content/FirstPersonBP/Blueprints/MyAddContent/MyPawn/Storage/Items/Equipeble/EquipableItem.uasset, AutoPackageBackupDelegate=26.752670, FlushAsyncLoading=0.005107, FlushStreamingFunc=0.083532, BlockTillAllRequestsFinished=0.005107, ResetLoadersForSaveUnMarkAllObjects=0.165857, TagPackageExports=7.482827, BeginCacheForCookedPlatformData=0.001803, SerializeImports=8.332845, GatherLocalizableTextData=5.484123, MarkNames=0.033651, SerializeSummary=0.010218, SerializeNames=0.166457, SerializeGatherableTextData=0.092845, BuildExportMap=0.105765, SortExportsNonSeekfree=1.262560, SortExportsSeekfreeConstructor=0.039961, SortExportsSeekfreeInner=9.183772, SortExportsSeekfree=0.003304, BuildDependencyMap=0.058290, SerializeImportMap=0.008713, SerializeExportMap=0.037260, SerializeDependencyMap=0.009615, SerializeStringAssetReferenceMap=0.001505, SaveThumbNailsAssetRegistryDataWorldLevelInfo=1.243029, SerializeExports=10.679495, SerializeBulkData=0.005107, MoveFile=1.395367, UnaccountedTime=1.231614, RunGuid=RunIDD6F320874B2BC125CCF0B6817B81B61F
